event_id,date_local,date_utc,time_utc,latitude,longitude,confidence,frp_mw,satellite
el_durazno,2024-09-02,2024-09-02,1727,-32.24329,-64.74125,l,448.4,N20
el_durazno,2024-09-02,2024-09-02,1727,-32.24229,-64.79367,n,68.75,N20
el_durazno,2024-09-02,2024-09-02,1727,-32.2388,-64.74853,l,130.05,N20
el_durazno,2024-09-02,2024-09-02,1727,-32.23826,-64.74158,n,87.82,N20
el_durazno,2024-09-02,2024-09-02,1727,-32.23778,-64.80096,l,429.3,N20
el_durazno,2024-09-02,2024-09-02,1727,-32.23727,-64.79425,n,68.75,N20
el_durazno,2024-09-02,2024-09-02,1727,-32.23582,-64.77534,h,13.23,N20
el_durazno,2024-09-02,2024-09-02,1727,-32.23381,-64.74929,h,130.05,N20
el_durazno,2024-09-02,2024-09-02,1727,-32.23323,-64.80769,n,29.28,N20
el_durazno,2024-09-02,2024-09-02,1727,-32.23273,-64.80118,n,29.28,N20
el_durazno,2024-09-02,2024-09-02,1727,-32.22985,-64.76357,n,49.88,N20
el_durazno,2024-09-02,2024-09-02,1727,-32.22936,-64.75717,h,54.59,N20
el_durazno,2024-09-02,2024-09-02,1727,-32.22866,-64.81425,n,16.24,N20
el_durazno,2024-09-02,2024-09-02,1727,-32.22768,-64.80138,n,29.28,N20
el_durazno,2024-09-02,2024-09-02,1727,-32.22719,-64.79485,n,25.86,N20
el_durazno,2024-09-02,2024-09-02,1727,-32.22622,-64.7821,n,12.1,N20
el_durazno,2024-09-02,2024-09-02,1727,-32.22486,-64.76434,n,49.88,N20
el_durazno,2024-09-02,2024-09-02,1727,-32.22386,-64.75136,n,54.59,N20
el_durazno,2024-09-02,2024-09-02,1727,-32.22363,-64.81464,n,33.36,N20
el_durazno,2024-09-02,2024-09-02,1727,-32.22215,-64.7952,n,13.98,N20
el_durazno,2024-09-02,2024-09-02,1727,-32.22073,-64.77646,h,28.18,N20
el_durazno,2024-09-02,2024-09-02,1727,-32.21955,-64.82071,l,40.48,N20
el_durazno,2024-09-02,2024-09-02,1727,-32.21938,-64.7588,h,51.68,N20
el_durazno,2024-09-02,2024-09-02,1727,-32.21903,-64.82093,l,33.36,N20
el_durazno,2024-09-02,2024-09-02,1727,-32.21859,-64.81506,n,33.36,N20
el_durazno,2024-09-02,2024-09-02,1727,-32.21713,-64.79572,n,13.98,N20
el_durazno,2024-09-02,2024-09-02,1727,-32.21665,-64.78937,h,13.98,N20
el_durazno,2024-09-02,2024-09-02,1727,-32.21645,-64.78291,h,45.67,N20
el_durazno,2024-09-02,2024-09-02,1727,-32.21617,-64.78307,n,28.18,N20
el_durazno,2024-09-02,2024-09-02,1727,-32.21597,-64.77693,n,72.41,N20
el_durazno,2024-09-02,2024-09-02,1727,-32.21572,-64.77709,n,28.18,N20
el_durazno,2024-09-02,2024-09-02,1727,-32.21502,-64.82738,n,40.48,N20
el_durazno,2024-09-02,2024-09-02,1727,-32.21501,-64.76533,h,45.15,N20
el_durazno,2024-09-02,2024-09-02,1727,-32.21483,-64.76545,h,282.19,N20
el_durazno,2024-09-02,2024-09-02,1727,-32.21452,-64.82125,n,40.48,N20
el_durazno,2024-09-02,2024-09-02,1727,-32.21447,-64.82761,n,40.33,N20
el_durazno,2024-09-02,2024-09-02,1727,-32.21434,-64.75898,l,51.68,N20
el_durazno,2024-09-02,2024-09-02,1727,-32.21404,-64.81528,n,29.01,N20
el_durazno,2024-09-02,2024-09-02,1727,-32.214,-64.82148,n,11.27,N20
el_durazno,2024-09-02,2024-09-02,1727,-32.21355,-64.81551,n,11.27,N20
el_durazno,2024-09-02,2024-09-02,1727,-32.21308,-64.80923,l,22.72,N20
el_durazno,2024-09-02,2024-09-02,1727,-32.21052,-64.8344,n,76.98,N20
el_durazno,2024-09-02,2024-09-02,1727,-32.21049,-64.7719,h,72.41,N20
el_durazno,2024-09-02,2024-09-02,1727,-32.21027,-64.77205,l,29.06,N20
el_durazno,2024-09-02,2024-09-02,1727,-32.20999,-64.76577,h,45.15,N20
el_durazno,2024-09-02,2024-09-02,1727,-32.20998,-64.82774,h,20.42,N20
el_durazno,2024-09-02,2024-09-02,1727,-32.20981,-64.76592,h,29.06,N20
el_durazno,2024-09-02,2024-09-02,1727,-32.2095,-64.82182,n,20.42,N20
el_durazno,2024-09-02,2024-09-02,1727,-32.20942,-64.828,h,40.33,N20
el_durazno,2024-09-02,2024-09-02,1727,-32.20901,-64.81577,n,19.31,N20
el_durazno,2024-09-02,2024-09-02,1727,-32.20898,-64.82207,n,11.27,N20
el_durazno,2024-09-02,2024-09-02,1727,-32.20888,-64.75224,l,151.01,N20
el_durazno,2024-09-02,2024-09-02,1727,-32.20879,-64.75235,l,61.1,N20
el_durazno,2024-09-02,2024-09-02,1727,-32.20853,-64.81601,n,11.27,N20
el_durazno,2024-09-02,2024-09-02,1727,-32.20544,-64.83443,n,76.98,N20
el_durazno,2024-09-02,2024-09-02,1727,-32.20494,-64.82825,n,20.42,N20
el_durazno,2024-09-02,2024-09-02,1727,-32.20485,-64.83467,n,37.75,N20
el_durazno,2024-09-02,2024-09-02,1727,-32.20442,-64.75941,h,67.87,N20
el_durazno,2024-09-02,2024-09-02,1727,-32.20439,-64.82853,n,37.75,N20
el_durazno,2024-09-02,2024-09-02,1727,-32.20428,-64.75957,h,61.1,N20
el_durazno,2024-09-02,2024-09-02,1727,-32.2004,-64.83481,n,105.22,N20
el_durazno,2024-09-02,2024-09-02,1727,-32.19981,-64.83509,n,37.75,N20
el_durazno,2024-09-02,2024-09-02,1727,-32.19549,-64.77398,h,112.79,N20
el_durazno,2024-09-02,2024-09-02,1727,-32.19521,-64.84154,n,46.68,N20
el_durazno,2024-09-02,2024-09-02,1727,-32.19096,-64.78043,n,112.79,N20
el_durazno,2024-09-02,2024-09-02,1727,-32.19083,-64.84209,n,36.77,N20
el_durazno,2024-09-02,2024-09-02,1727,-32.19021,-64.84247,n,46.68,N20
el_durazno,2024-09-02,2024-09-02,1727,-32.18896,-64.8187,l,14.67,N20
el_durazno,2024-09-02,2024-09-02,1727,-32.18693,-64.7933,n,188.22,N20
el_durazno,2024-09-02,2024-09-02,1727,-32.18242,-64.80013,n,29.27,N20
el_durazno,2024-09-02,2024-09-02,1727,-32.18192,-64.7939,n,188.22,N20
el_durazno,2024-09-02,2024-09-02,1727,-32.18039,-64.83833,n,17.88,N20
el_durazno,2024-09-02,2024-09-02,1727,-32.17791,-64.80705,n,155.88,N20
el_durazno,2024-09-02,2024-09-02,1727,-32.1774,-64.80072,h,155.88,N20
el_durazno,2024-09-02,2024-09-02,1727,-32.17581,-64.8446,n,17.88,N20
el_durazno,2024-09-02,2024-09-02,1727,-32.17532,-64.83836,h,17.88,N20
el_durazno,2024-09-02,2024-09-02,1727,-32.17337,-64.81371,n,22.48,N20
el_durazno,2024-09-02,2024-09-02,1727,-32.17287,-64.80738,h,155.88,N20
el_durazno,2024-09-02,2024-09-02,1727,-32.17236,-64.80102,l,155.88,N20
el_durazno,2024-09-02,2024-09-02,1727,-32.17024,-64.8383,h,15.92,N20
el_durazno,2024-09-02,2024-09-02,1727,-32.16975,-64.83212,n,32.96,N20
el_durazno,2024-09-02,2024-09-02,1727,-32.16928,-64.82607,n,32.96,N20
el_durazno,2024-09-02,2024-09-02,1727,-32.1688,-64.82011,n,36.11,N20
el_durazno,2024-09-02,2024-09-02,1727,-32.16833,-64.81406,n,36.11,N20
el_durazno,2024-09-02,2024-09-02,1727,-32.16783,-64.80774,n,31.75,N20
el_durazno,2024-09-02,2024-09-02,1727,-32.16426,-64.82675,h,32.96,N20
el_durazno,2024-09-02,2024-09-02,1727,-32.16378,-64.8206,n,36.11,N20
el_durazno,2024-09-02,2024-09-02,1907,-32.26503,-64.74327,n,8.97,N20
el_durazno,2024-09-02,2024-09-02,1907,-32.26389,-64.7358,n,32.57,N20
el_durazno,2024-09-02,2024-09-02,1907,-32.2629,-64.73592,n,13.98,N20
el_durazno,2024-09-02,2024-09-02,1907,-32.26198,-64.80367,n,17.34,N20
el_durazno,2024-09-02,2024-09-02,1907,-32.26181,-64.7288,n,13.13,N20
el_durazno,2024-09-02,2024-09-02,1907,-32.26086,-64.72894,n,13.98,N20
el_durazno,2024-09-02,2024-09-02,1907,-32.26075,-64.80427,n,20.81,N20
el_durazno,2024-09-02,2024-09-02,1907,-32.25919,-64.74481,h,32.57,N20
el_durazno,2024-09-02,2024-09-02,1907,-32.25857,-64.72102,n,9.23,N20
el_durazno,2024-09-02,2024-09-02,1907,-32.25838,-64.79613,h,20.81,N20
el_durazno,2024-09-02,2024-09-02,1907,-32.25819,-64.74503,h,49.56,N20
el_durazno,2024-09-02,2024-09-02,1907,-32.25737,-64.78816,h,20.72,N20
el_durazno,2024-09-02,2024-09-02,1907,-32.25619,-64.78861,h,40.9,N20
el_durazno,2024-09-02,2024-09-02,1907,-32.25492,-64.73041,n,13.13,N20
el_durazno,2024-09-02,2024-09-02,1907,-32.25398,-64.73056,n,18.3,N20
el_durazno,2024-09-02,2024-09-02,1907,-32.25265,-64.72278,n,13.13,N20
el_durazno,2024-09-02,2024-09-02,1907,-32.25183,-64.79882,h,20.81,N20
el_durazno,2024-09-02,2024-09-02,1907,-32.24717,-64.73245,n,18.3,N20
el_durazno,2024-09-02,2024-09-02,1907,-32.24514,-64.80105,n,22.81,N20
el_durazno,2024-09-02,2024-09-02,1907,-32.24473,-64.7493,n,12.2,N20
el_durazno,2024-09-02,2024-09-02,1907,-32.2407,-64.78586,n,29.71,N20
el_durazno,2024-09-02,2024-09-02,1907,-32.2391,-64.72684,n,19.04,N20
el_durazno,2024-09-02,2024-09-02,1907,-32.23842,-64.80317,h,22.81,N20
el_durazno,2024-09-02,2024-09-02,1907,-32.23808,-64.75173,n,12.2,N20
el_durazno,2024-09-02,2024-09-02,1907,-32.23435,-64.81432,n,25.91,N20
el_durazno,2024-09-02,2024-09-02,1907,-32.23209,-64.80661,n,25.91,N20
el_durazno,2024-09-02,2024-09-02,1907,-32.23189,-64.78085,n,8.84,N20
el_durazno,2024-09-02,2024-09-02,1907,-32.2313,-64.7537,n,22.6,N20
el_durazno,2024-09-02,2024-09-02,1907,-32.22822,-64.81847,n,25.91,N20
el_durazno,2024-09-02,2024-09-02,1907,-32.2257,-64.80986,n,25.91,N20
el_durazno,2024-09-02,2024-09-02,1907,-32.22401,-64.82914,l,83.75,N20
el_durazno,2024-09-02,2024-09-02,1907,-32.22196,-64.82214,h,91.88,N20
el_durazno,2024-09-02,2024-09-02,1907,-32.21764,-64.83241,n,83.75,N20
el_durazno,2024-09-02,2024-09-02,1907,-32.21557,-64.82536,h,91.88,N20
el_durazno,2024-09-02,2024-09-02,1907,-32.21527,-64.82819,h,25.78,N20
el_durazno,2024-09-02,2024-09-02,1907,-32.21368,-64.76889,n,13.56,N20
el_durazno,2024-09-02,2024-09-02,1907,-32.21122,-64.83553,h,29.07,N20
el_durazno,2024-09-02,2024-09-02,1907,-32.21082,-64.83817,n,25.78,N20
el_durazno,2024-09-02,2024-09-02,1907,-32.2092,-64.82863,n,17.72,N20
el_durazno,2024-09-02,2024-09-02,1907,-32.20886,-64.83138,n,25.78,N20
el_durazno,2024-09-02,2024-09-02,1907,-32.20517,-64.83984,h,29.07,N20
el_durazno,2024-09-02,2024-09-02,1907,-32.20483,-64.84279,n,15.72,N20
el_durazno,2024-09-02,2024-09-02,1907,-32.20299,-64.75755,n,20.1,N20
el_durazno,2024-09-02,2024-09-02,1907,-32.2028,-64.83183,n,17.72,N20
el_durazno,2024-09-02,2024-09-02,1907,-32.20258,-64.83501,h,15.72,N20
el_durazno,2024-09-02,2024-09-02,1907,-32.20094,-64.7506,h,20.1,N20
el_durazno,2024-09-02,2024-09-02,1907,-32.19637,-64.83492,h,15.35,N20
el_durazno,2024-09-02,2024-09-02,1907,-32.19633,-64.75996,h,20.1,N20
el_durazno,2024-09-02,2024-09-02,1907,-32.19622,-64.83833,h,15.72,N20
el_durazno,2024-09-02,2024-09-02,1907,-32.19618,-64.76187,n,16.54,N20
el_durazno,2024-09-02,2024-09-02,1907,-32.19164,-64.76904,h,25.75,N20
el_durazno,2024-09-02,2024-09-02,1907,-32.18955,-64.83668,n,15.35,N20
el_durazno,2024-09-02,2024-09-02,1907,-32.18519,-64.77471,h,34.5,N20
el_durazno,2024-09-02,2024-09-02,1907,-32.18262,-64.83808,h,34.27,N20
el_durazno,2024-09-02,2024-09-02,1907,-32.18242,-64.84127,n,60.9,N20
el_durazno,2024-09-02,2024-09-02,1907,-32.181,-64.78288,n,9.4,N20
el_durazno,2024-09-02,2024-09-02,1907,-32.17984,-64.83239,n,35.69,N20
el_durazno,2024-09-02,2024-09-02,1907,-32.17696,-64.79412,n,14.4,N20
el_durazno,2024-09-02,2024-09-02,1907,-32.17694,-64.79701,n,10.34,N20
el_durazno,2024-09-02,2024-09-02,1907,-32.1762,-64.84121,h,34.27,N20
el_durazno,2024-09-02,2024-09-02,1907,-32.17397,-64.83369,n,34.27,N20
el_durazno,2024-09-02,2024-09-02,1907,-32.1738,-64.83684,n,53.73,N20
el_durazno,2024-09-02,2024-09-02,1907,-32.17156,-64.82555,n,20.03,N20
el_durazno,2024-09-02,2024-09-02,1907,-32.17151,-64.82895,h,53.73,N20
el_durazno,2024-09-02,2024-09-02,1907,-32.17056,-64.80033,n,10.34,N20
el_durazno,2024-09-02,2024-09-02,1907,-32.1689,-64.81992,n,18.93,N20
el_durazno,2024-09-02,2024-09-02,1907,-32.16769,-64.83728,n,38.92,N20
el_durazno,2024-09-02,2024-09-02,1907,-32.16644,-64.81147,n,18.93,N20
el_durazno,2024-09-02,2024-09-02,1907,-32.16507,-64.82846,n,29.95,N20
el_durazno,2024-09-02,2024-09-02,1907,-32.16251,-64.81982,h,29.95,N20
el_durazno,2024-09-02,2024-09-02,1907,-32.16242,-64.8229,h,18.93,N20
el_durazno,2024-09-02,2024-09-02,1907,-32.16007,-64.81161,n,16.81,N20
el_durazno,2024-09-03,2024-09-03,0445,-32.266,-64.72979,n,2.35,N20
el_durazno,2024-09-03,2024-09-03,0445,-32.2646,-64.73588,n,5.49,N20
el_durazno,2024-09-03,2024-09-03,0445,-32.26323,-64.74191,n,5.49,N20
el_durazno,2024-09-03,2024-09-03,0445,-32.26183,-64.74799,n,2.05,N20
el_durazno,2024-09-03,2024-09-03,0445,-32.26129,-64.72852,n,3.45,N20
el_durazno,2024-09-03,2024-09-03,0445,-32.25941,-64.80223,n,5.64,N20
el_durazno,2024-09-03,2024-09-03,0445,-32.25735,-64.78934,n,3.36,N20
el_durazno,2024-09-03,2024-09-03,0445,-32.25695,-64.81294,n,3.93,N20
el_durazno,2024-09-03,2024-09-03,0445,-32.25603,-64.7951,n,2.13,N20
el_durazno,2024-09-03,2024-09-03,0445,-32.2539,-64.78253,n,3.36,N20
el_durazno,2024-09-03,2024-09-03,0445,-32.25317,-64.72034,n,1.48,N20
el_durazno,2024-09-03,2024-09-03,0445,-32.25265,-64.78796,n,3.36,N20
el_durazno,2024-09-03,2024-09-03,0445,-32.25219,-64.81178,n,3.32,N20
el_durazno,2024-09-03,2024-09-03,0445,-32.25096,-64.81715,n,7.04,N20
el_durazno,2024-09-03,2024-09-03,0445,-32.2505,-64.7755,n,3.25,N20
el_durazno,2024-09-03,2024-09-03,0445,-32.2492,-64.78115,n,4.72,N20
el_durazno,2024-09-03,2024-09-03,0445,-32.245,-64.71245,n,1.15,N20
el_durazno,2024-09-03,2024-09-03,0445,-32.2445,-64.77979,n,4.72,N20
el_durazno,2024-09-03,2024-09-03,0445,-32.24369,-64.71812,n,7.61,N20
el_durazno,2024-09-03,2024-09-03,0445,-32.24238,-64.72378,n,7.61,N20
el_durazno,2024-09-03,2024-09-03,0445,-32.23899,-64.71682,n,7.61,N20
el_durazno,2024-09-03,2024-09-03,0445,-32.23769,-64.72247,n,7.61,N20
el_durazno,2024-09-03,2024-09-03,0445,-32.23536,-64.81944,n,10.17,N20
el_durazno,2024-09-03,2024-09-03,0445,-32.23425,-64.71568,n,5.98,N20
el_durazno,2024-09-03,2024-09-03,0445,-32.22952,-64.71452,n,5.98,N20
el_durazno,2024-09-03,2024-09-03,0445,-32.22807,-64.82919,n,1.5,N20
el_durazno,2024-09-03,2024-09-03,0445,-32.22693,-64.72571,n,1.19,N20
el_durazno,2024-09-03,2024-09-03,0445,-32.22357,-64.71862,n,5.19,N20
el_durazno,2024-09-03,2024-09-03,0445,-32.22229,-64.72417,n,2.1,N20
el_durazno,2024-09-03,2024-09-03,0445,-32.21949,-64.84451,n,4.4,N20
el_durazno,2024-09-03,2024-09-03,0445,-32.21892,-64.7171,n,5.19,N20
el_durazno,2024-09-03,2024-09-03,0445,-32.21484,-64.84286,n,0.99,N20
el_durazno,2024-09-03,2024-09-03,0445,-32.18637,-64.85679,n,5.19,N20
el_durazno,2024-09-03,2024-09-03,0445,-32.18544,-64.77465,n,5.1,N20
el_durazno,2024-09-03,2024-09-03,0445,-32.18543,-64.77467,n,4.96,N20
el_durazno,2024-09-03,2024-09-03,0445,-32.18418,-64.78017,n,5.4,N20
el_durazno,2024-09-03,2024-09-03,0445,-32.18415,-64.78014,n,5.1,N20
el_durazno,2024-09-03,2024-09-03,0445,-32.17945,-64.77891,n,20.08,N20
el_durazno,2024-09-03,2024-09-03,0445,-32.17942,-64.77888,n,25.02,N20
el_durazno,2024-09-03,2024-09-03,0445,-32.17815,-64.78458,n,20.08,N20
el_durazno,2024-09-03,2024-09-03,0445,-32.1781,-64.78455,n,8.22,N20
el_durazno,2024-09-03,2024-09-03,0445,-32.1769,-64.7901,n,3.99,N20
el_durazno,2024-09-03,2024-09-03,0445,-32.1768,-64.79005,n,8.22,N20
el_durazno,2024-09-03,2024-09-03,0445,-32.17566,-64.79551,n,3.99,N20
el_durazno,2024-09-03,2024-09-03,0445,-32.17554,-64.79543,n,2.21,N20
el_durazno,2024-09-03,2024-09-03,0445,-32.16844,-64.80511,n,1.7,N20
el_durazno,2024-09-03,2024-09-03,0445,-32.16747,-64.78738,n,16.05,N20
el_durazno,2024-09-03,2024-09-03,0445,-32.16737,-64.78735,n,18.51,N20
el_durazno,2024-09-03,2024-09-03,0445,-32.1632,-64.85007,n,4.07,N20
el_durazno,2024-09-03,2024-09-03,0445,-32.16275,-64.84989,n,3.19,N20
el_durazno,2024-09-03,2024-09-03,0445,-32.16208,-64.85496,n,2.44,N20
el_durazno,2024-09-03,2024-09-03,0445,-32.16161,-64.85476,n,3.19,N20
el_durazno,2024-09-03,2024-09-03,0445,-32.15921,-64.8435,n,2.25,N20
el_durazno,2024-09-03,2024-09-03,0445,-32.15849,-64.84862,n,4.07,N20
el_durazno,2024-09-03,2024-09-03,0445,-32.15805,-64.84842,n,3.19,N20
el_durazno,2024-09-03,2024-09-03,0445,-32.15736,-64.85353,n,2.44,N20
el_durazno,2024-09-03,2024-09-03,0445,-32.15689,-64.85333,n,3.19,N20
el_durazno,2024-09-03,2024-09-03,0445,-32.15618,-64.85867,n,2.44,N20
el_durazno,2024-09-03,2024-09-03,0445,-32.15608,-64.83713,n,3.47,N20
el_durazno,2024-09-03,2024-09-03,0445,-32.15569,-64.85847,n,2.37,N20
el_durazno,2024-09-03,2024-09-03,0445,-32.15569,-64.83699,n,17.54,N20
el_durazno,2024-09-03,2024-09-03,0445,-32.15493,-64.84218,n,21.55,N20
el_durazno,2024-09-03,2024-09-03,0445,-32.15451,-64.84202,n,17.54,N20
el_durazno,2024-09-03,2024-09-03,0445,-32.15381,-64.84705,n,21.55,N20
el_durazno,2024-09-03,2024-09-03,0445,-32.15336,-64.84688,n,19.1,N20
el_durazno,2024-09-03,2024-09-03,0445,-32.15265,-64.85205,n,4.06,N20
el_durazno,2024-09-03,2024-09-03,0445,-32.15218,-64.85186,n,19.1,N20
el_durazno,2024-09-03,2024-09-03,0445,-32.15144,-64.85732,n,4.06,N20
el_durazno,2024-09-03,2024-09-03,0445,-32.15135,-64.8358,n,3.47,N20
el_durazno,2024-09-03,2024-09-03,0445,-32.15094,-64.85713,n,3.26,N20
el_durazno,2024-09-03,2024-09-03,0445,-32.14915,-64.82345,n,3.9,N20
el_durazno,2024-09-03,2024-09-03,0445,-32.14672,-64.85594,n,4.06,N20
el_durazno,2024-09-03,2024-09-03,1708,-32.27585,-64.81458,n,8.98,N20
el_durazno,2024-09-03,2024-09-03,1708,-32.27563,-64.80936,n,8.98,N20
el_durazno,2024-09-03,2024-09-03,1708,-32.26925,-64.81448,n,9.73,N20
el_durazno,2024-09-03,2024-09-03,1708,-32.22731,-64.72401,n,6.96,N20
el_durazno,2024-09-03,2024-09-03,1708,-32.22606,-64.72339,n,6.83,N20
el_durazno,2024-09-03,2024-09-03,1708,-32.22438,-64.8477,n,4.7,N20
el_durazno,2024-09-03,2024-09-03,1708,-32.2006,-64.8639,n,3.36,N20
el_durazno,2024-09-03,2024-09-03,1708,-32.19855,-64.86318,n,4.37,N20
el_durazno,2024-09-03,2024-09-03,1849,-32.27533,-64.8139,n,2.83,N20
el_durazno,2024-09-03,2024-09-03,1849,-32.22973,-64.72079,l,4.47,N20
el_durazno,2024-09-03,2024-09-03,1849,-32.22621,-64.84433,n,1.75,N20
el_durazno,2024-09-03,2024-09-03,1849,-32.22559,-64.7271,n,4.26,N20
el_durazno,2024-09-03,2024-09-03,1849,-32.22099,-64.84611,n,3.93,N20
el_durazno,2024-09-03,2024-09-03,1849,-32.20285,-64.8642,h,8.59,N20
el_durazno,2024-09-03,2024-09-03,1849,-32.20192,-64.86047,n,7.12,N20
el_durazno,2024-09-06,2024-09-06,0529,-32.17201,-64.84011,n,1.66,N20
el_durazno,2024-09-06,2024-09-06,0529,-32.17138,-64.84456,n,1.66,N20
el_durazno,2024-09-06,2024-09-06,0529,-32.16859,-64.83945,n,1.06,N20
el_durazno,2024-09-06,2024-09-06,0529,-32.16797,-64.84387,n,1.06,N20
el_durazno,2024-09-06,2024-09-06,0529,-32.16669,-64.85287,n,2.06,N20
el_durazno,2024-09-06,2024-09-06,0529,-32.16519,-64.83873,n,1.06,N20
el_durazno,2024-09-06,2024-09-06,0529,-32.16456,-64.84314,n,1.06,N20
el_durazno,2024-09-06,2024-09-06,0529,-32.16393,-64.84763,n,2.06,N20
el_durazno,2024-09-06,2024-09-06,0529,-32.16328,-64.85218,n,2.06,N20
el_durazno,2024-09-06,2024-09-06,0529,-32.16115,-64.84245,n,0.52,N20
capilla_del_monte,2024-09-19,2024-09-19,0444,-30.90185,-64.53416,n,18.8,N20
capilla_del_monte,2024-09-19,2024-09-19,0444,-30.90038,-64.54044,n,56.65,N20
capilla_del_monte,2024-09-19,2024-09-19,0444,-30.89559,-64.53902,n,56.65,N20
capilla_del_monte,2024-09-19,2024-09-19,0444,-30.89474,-64.53136,n,39.77,N20
capilla_del_monte,2024-09-19,2024-09-19,0444,-30.89328,-64.5378,n,39.77,N20
capilla_del_monte,2024-09-19,2024-09-19,0444,-30.89231,-64.53112,n,12.64,N20
capilla_del_monte,2024-09-19,2024-09-19,0444,-30.89081,-64.53753,n,39.74,N20
capilla_del_monte,2024-09-19,2024-09-19,0444,-30.8885,-64.53629,n,39.77,N20
capilla_del_monte,2024-09-20,2024-09-20,0425,-30.90295,-64.47765,n,2.98,N20
capilla_del_monte,2024-09-20,2024-09-20,0425,-30.9006,-64.48637,n,2.98,N20
capilla_del_monte,2024-09-20,2024-09-20,0425,-30.89963,-64.46522,n,12.76,N20
capilla_del_monte,2024-09-20,2024-09-20,0425,-30.89832,-64.47002,h,12.76,N20
capilla_del_monte,2024-09-20,2024-09-20,0425,-30.89784,-64.4966,n,1.84,N20
capilla_del_monte,2024-09-20,2024-09-20,0425,-30.89694,-64.47511,n,7.89,N20
capilla_del_monte,2024-09-20,2024-09-20,0425,-30.89523,-64.48145,n,7.89,N20
capilla_del_monte,2024-09-20,2024-09-20,0425,-30.89322,-64.4642,h,12.76,N20
capilla_del_monte,2024-09-20,2024-09-20,0425,-30.89209,-64.46833,n,12.76,N20
capilla_del_monte,2024-09-20,2024-09-20,0425,-30.88838,-64.45736,n,10.75,N20
capilla_del_monte,2024-09-20,2024-09-20,0425,-30.88692,-64.46274,n,16.83,N20
capilla_del_monte,2024-09-20,2024-09-20,0425,-30.88568,-64.46727,n,16.83,N20
capilla_del_monte,2024-09-20,2024-09-20,0425,-30.87892,-64.46751,h,16.83,N20
capilla_del_monte,2024-09-20,2024-09-20,0425,-30.8773,-64.47346,h,19.61,N20
capilla_del_monte,2024-09-20,2024-09-20,0425,-30.87372,-64.51131,n,6.71,N20
capilla_del_monte,2024-09-20,2024-09-20,0425,-30.8737,-64.48669,h,16.47,N20
capilla_del_monte,2024-09-20,2024-09-20,0425,-30.87183,-64.49355,n,16.47,N20
capilla_del_monte,2024-09-20,2024-09-20,0425,-30.87074,-64.47295,n,6.04,N20
capilla_del_monte,2024-09-20,2024-09-20,0425,-30.86961,-64.50173,n,6.71,N20
capilla_del_monte,2024-09-20,2024-09-20,0425,-30.86753,-64.50938,h,6.71,N20
capilla_del_monte,2024-09-20,2024-09-20,0425,-30.86705,-64.4865,n,5.76,N20
capilla_del_monte,2024-09-20,2024-09-20,0606,-30.90547,-64.47598,n,4.21,N20
capilla_del_monte,2024-09-20,2024-09-20,0606,-30.90522,-64.47968,n,4.32,N20
capilla_del_monte,2024-09-20,2024-09-20,0606,-30.90499,-64.48305,n,4.32,N20
capilla_del_monte,2024-09-20,2024-09-20,0606,-30.90478,-64.48622,n,4.59,N20
capilla_del_monte,2024-09-20,2024-09-20,0606,-30.90457,-64.48933,n,4.59,N20
capilla_del_monte,2024-09-20,2024-09-20,0606,-30.90415,-64.49568,n,2.55,N20
capilla_del_monte,2024-09-20,2024-09-20,0606,-30.9008,-64.46036,n,5.31,N20
capilla_del_monte,2024-09-20,2024-09-20,0606,-30.90044,-64.46574,h,5.31,N20
capilla_del_monte,2024-09-20,2024-09-20,0606,-30.89929,-64.48302,n,0.57,N20
capilla_del_monte,2024-09-20,2024-09-20,0606,-30.89517,-64.45899,n,5.31,N20
capilla_del_monte,2024-09-20,2024-09-20,0606,-30.89484,-64.464,n,5.31,N20
capilla_del_monte,2024-09-20,2024-09-20,0606,-30.89445,-64.46983,n,4.16,N20
capilla_del_monte,2024-09-20,2024-09-20,0606,-30.8892,-64.46283,n,4.02,N20
capilla_del_monte,2024-09-20,2024-09-20,0606,-30.88358,-64.4612,n,4.02,N20
capilla_del_monte,2024-09-20,2024-09-20,0606,-30.88324,-64.46644,n,3.51,N20
capilla_del_monte,2024-09-20,2024-09-20,0606,-30.88289,-64.47177,n,3.51,N20
capilla_del_monte,2024-09-20,2024-09-20,0606,-30.87735,-64.46918,n,3.7,N20
capilla_del_monte,2024-09-20,2024-09-20,0606,-30.87707,-64.4734,n,5.38,N20
capilla_del_monte,2024-09-20,2024-09-20,0606,-30.8768,-64.47744,n,5.38,N20
capilla_del_monte,2024-09-20,2024-09-20,0606,-30.87651,-64.48188,n,4.49,N20
capilla_del_monte,2024-09-20,2024-09-20,0606,-30.87621,-64.48658,n,4.49,N20
capilla_del_monte,2024-09-20,2024-09-20,0606,-30.87595,-64.49053,n,5.5,N20
capilla_del_monte,2024-09-20,2024-09-20,0606,-30.87548,-64.49756,n,6.63,N20
capilla_del_monte,2024-09-20,2024-09-20,0606,-30.87527,-64.50079,n,6.63,N20
capilla_del_monte,2024-09-20,2024-09-20,0606,-30.87514,-64.47092,n,5.18,N20
capilla_del_monte,2024-09-20,2024-09-20,0606,-30.87486,-64.47483,n,10.91,N20
capilla_del_monte,2024-09-20,2024-09-20,0606,-30.87481,-64.50776,n,23.38,N20
capilla_del_monte,2024-09-20,2024-09-20,0606,-30.87457,-64.47884,h,10.91,N20
capilla_del_monte,2024-09-20,2024-09-20,0606,-30.87427,-64.48311,n,8.06,N20
capilla_del_monte,2024-09-20,2024-09-20,0606,-30.87395,-64.48745,n,8.06,N20
capilla_del_monte,2024-09-20,2024-09-20,0606,-30.87366,-64.49152,n,4.91,N20
capilla_del_monte,2024-09-20,2024-09-20,0606,-30.87339,-64.49538,n,4.91,N20
capilla_del_monte,2024-09-20,2024-09-20,0606,-30.87313,-64.49891,n,15.05,N20
capilla_del_monte,2024-09-20,2024-09-20,0606,-30.8729,-64.50228,n,15.05,N20
capilla_del_monte,2024-09-20,2024-09-20,0606,-30.87264,-64.50581,n,26.28,N20
capilla_del_monte,2024-09-20,2024-09-20,0606,-30.87238,-64.50953,h,26.28,N20
capilla_del_monte,2024-09-20,2024-09-20,0606,-30.8721,-64.5134,n,10.03,N20
capilla_del_monte,2024-09-20,2024-09-20,0606,-30.8707,-64.48332,n,4.49,N20
capilla_del_monte,2024-09-20,2024-09-20,0606,-30.87042,-64.48768,n,5.5,N20
capilla_del_monte,2024-09-20,2024-09-20,0606,-30.87014,-64.49195,n,5.5,N20
capilla_del_monte,2024-09-20,2024-09-20,0606,-30.86987,-64.49604,n,6.63,N20
capilla_del_monte,2024-09-20,2024-09-20,0606,-30.86964,-64.49965,n,6.63,N20
capilla_del_monte,2024-09-20,2024-09-20,0606,-30.8694,-64.50323,n,23.38,N20
capilla_del_monte,2024-09-20,2024-09-20,0606,-30.86916,-64.50691,h,23.38,N20
capilla_del_monte,2024-09-20,2024-09-20,0606,-30.86891,-64.51074,n,13.16,N20
capilla_del_monte,2024-09-20,2024-09-20,0606,-30.86811,-64.48943,n,4.91,N20
capilla_del_monte,2024-09-20,2024-09-20,0606,-30.86781,-64.49361,n,4.91,N20
capilla_del_monte,2024-09-20,2024-09-20,0606,-30.86754,-64.4974,n,15.05,N20
capilla_del_monte,2024-09-20,2024-09-20,0606,-30.86728,-64.50102,n,15.05,N20
capilla_del_monte,2024-09-20,2024-09-20,0606,-30.86702,-64.50468,n,26.28,N20
capilla_del_monte,2024-09-20,2024-09-20,0606,-30.86674,-64.50853,n,26.28,N20
capilla_del_monte,2024-09-20,2024-09-20,0606,-30.86428,-64.49422,n,9.91,N20
capilla_del_monte,2024-09-20,2024-09-20,1830,-30.9272,-64.4794,n,4.75,N20
capilla_del_monte,2024-09-20,2024-09-20,1830,-30.92669,-64.46218,n,15.46,N20
capilla_del_monte,2024-09-20,2024-09-20,1830,-30.9257,-64.45753,n,15.46,N20
capilla_del_monte,2024-09-20,2024-09-20,1830,-30.92453,-64.48801,n,9.01,N20
capilla_del_monte,2024-09-20,2024-09-20,1830,-30.92447,-64.46616,n,11.84,N20
capilla_del_monte,2024-09-20,2024-09-20,1830,-30.92349,-64.46137,n,27.08,N20
capilla_del_monte,2024-09-20,2024-09-20,1830,-30.92299,-64.48055,h,20.25,N20
capilla_del_monte,2024-09-20,2024-09-20,1830,-30.92251,-64.45664,n,27.08,N20
capilla_del_monte,2024-09-20,2024-09-20,1830,-30.92217,-64.47658,n,20.25,N20
capilla_del_monte,2024-09-20,2024-09-20,1830,-30.92211,-64.51932,n,5.59,N20
capilla_del_monte,2024-09-20,2024-09-20,1830,-30.92128,-64.47231,n,16.25,N20
capilla_del_monte,2024-09-20,2024-09-20,1830,-30.92126,-64.55815,n,8.41,N20
capilla_del_monte,2024-09-20,2024-09-20,1830,-30.92032,-64.46766,n,16.25,N20
capilla_del_monte,2024-09-20,2024-09-20,1830,-30.9203,-64.48906,h,9.01,N20
capilla_del_monte,2024-09-20,2024-09-20,1830,-30.92027,-64.55335,n,10.57,N20
capilla_del_monte,2024-09-20,2024-09-20,1830,-30.91953,-64.48533,n,9.01,N20
capilla_del_monte,2024-09-20,2024-09-20,1830,-30.91876,-64.48164,h,20.25,N20
capilla_del_monte,2024-09-20,2024-09-20,1830,-30.91732,-64.4531,n,14.72,N20
capilla_del_monte,2024-09-20,2024-09-20,1830,-30.91708,-64.4735,n,16.25,N20
capilla_del_monte,2024-09-20,2024-09-20,1830,-30.91706,-64.55927,n,8.41,N20
capilla_del_monte,2024-09-20,2024-09-20,1830,-30.91642,-64.44875,n,14.72,N20
capilla_del_monte,2024-09-20,2024-09-20,1830,-30.91607,-64.55451,l,10.57,N20
capilla_del_monte,2024-09-20,2024-09-20,1830,-30.91551,-64.53037,n,14.52,N20
capilla_del_monte,2024-09-20,2024-09-20,1830,-30.9153,-64.48643,n,5.97,N20
capilla_del_monte,2024-09-20,2024-09-20,1830,-30.91509,-64.54979,n,10.57,N20
capilla_del_monte,2024-09-20,2024-09-20,1830,-30.91381,-64.56503,n,137.2,N20
capilla_del_monte,2024-09-20,2024-09-20,1830,-30.91374,-64.47887,n,10.54,N20
capilla_del_monte,2024-09-20,2024-09-20,1830,-30.91309,-64.45416,n,14.72,N20
capilla_del_monte,2024-09-20,2024-09-20,1830,-30.91222,-64.53591,n,14.52,N20
capilla_del_monte,2024-09-20,2024-09-20,1830,-30.91187,-64.55563,l,373.84,N20
capilla_del_monte,2024-09-20,2024-09-20,1830,-30.9109,-64.55093,l,373.84,N20
capilla_del_monte,2024-09-20,2024-09-20,1830,-30.90992,-64.54624,h,108.68,N20
capilla_del_monte,2024-09-20,2024-09-20,1830,-30.9096,-64.56608,n,137.2,N20
capilla_del_monte,2024-09-20,2024-09-20,1830,-30.90883,-64.45514,n,3.94,N20
capilla_del_monte,2024-09-20,2024-09-20,1830,-30.90863,-64.56142,l,137.2,N20
capilla_del_monte,2024-09-20,2024-09-20,1830,-30.90857,-64.5183,n,15.63,N20
capilla_del_monte,2024-09-20,2024-09-20,1830,-30.90767,-64.55675,h,373.84,N20
capilla_del_monte,2024-09-20,2024-09-20,1830,-30.90669,-64.55206,l,373.84,N20
capilla_del_monte,2024-09-20,2024-09-20,1830,-30.90572,-64.54737,l,108.68,N20
capilla_del_monte,2024-09-20,2024-09-20,1830,-30.90346,-64.51511,n,7.45,N20
capilla_del_monte,2024-09-20,2024-09-20,1830,-30.90289,-64.53374,n,7.75,N20
capilla_del_monte,2024-09-20,2024-09-20,1830,-30.90248,-64.55317,n,5.2,N20
capilla_del_monte,2024-09-20,2024-09-20,1830,-30.88051,-64.51169,h,190.29,N20
capilla_del_monte,2024-09-20,2024-09-20,1830,-30.87962,-64.50745,l,81.8,N20
capilla_del_monte,2024-09-20,2024-09-20,1830,-30.87877,-64.50339,n,81.8,N20
capilla_del_monte,2024-09-20,2024-09-20,1830,-30.87797,-64.49953,n,6.48,N20
capilla_del_monte,2024-09-20,2024-09-20,1830,-30.87537,-64.5084,n,15.56,N20
capilla_del_monte,2024-09-20,2024-09-20,1830,-30.8745,-64.50424,n,15.56,N20
capilla_del_monte,2024-09-20,2024-09-20,1830,-30.87367,-64.50027,n,6.44,N20
capilla_del_monte,2024-09-20,2024-09-20,1830,-30.87089,-64.48701,n,5.66,N20
capilla_del_monte,2024-09-20,2024-09-20,1830,-30.86992,-64.48235,n,10.06,N20
capilla_del_monte,2024-09-20,2024-09-20,1830,-30.86847,-64.49673,n,6.44,N20
capilla_del_monte,2024-09-20,2024-09-20,1830,-30.86813,-64.47385,l,59.23,N20
capilla_del_monte,2024-09-20,2024-09-20,1830,-30.86754,-64.4923,n,5.66,N20
capilla_del_monte,2024-09-20,2024-09-20,1830,-30.86731,-64.46992,n,59.23,N20
capilla_del_monte,2024-09-20,2024-09-20,1830,-30.86653,-64.46621,n,29.49,N20
capilla_del_monte,2024-09-20,2024-09-20,1830,-30.86574,-64.46243,n,29.49,N20
capilla_del_monte,2024-09-20,2024-09-20,1830,-30.86567,-64.48336,n,10.06,N20
capilla_del_monte,2024-09-21,2024-09-21,0547,-30.97524,-64.5607,n,3.46,N20
capilla_del_monte,2024-09-21,2024-09-21,0547,-30.97097,-64.56027,n,3.08,N20
capilla_del_monte,2024-09-21,2024-09-21,0547,-30.97005,-64.56895,n,5.23,N20
capilla_del_monte,2024-09-21,2024-09-21,0547,-30.96671,-64.55979,n,3.08,N20
capilla_del_monte,2024-09-21,2024-09-21,0547,-30.96623,-64.56427,n,5.23,N20
capilla_del_monte,2024-09-21,2024-09-21,0547,-30.96578,-64.56853,n,5.23,N20
capilla_del_monte,2024-09-21,2024-09-21,0547,-30.96396,-64.54501,n,2.19,N20
capilla_del_monte,2024-09-21,2024-09-21,0547,-30.96197,-64.56383,n,13.87,N20
capilla_del_monte,2024-09-21,2024-09-21,0547,-30.96151,-64.56812,n,13.87,N20
capilla_del_monte,2024-09-21,2024-09-21,0547,-30.96105,-64.57244,n,87.51,N20
capilla_del_monte,2024-09-21,2024-09-21,0547,-30.96058,-64.57681,n,87.51,N20
capilla_del_monte,2024-09-21,2024-09-21,0547,-30.96014,-64.58099,n,30.79,N20
capilla_del_monte,2024-09-21,2024-09-21,0547,-30.95972,-64.58498,n,30.79,N20
capilla_del_monte,2024-09-21,2024-09-21,0547,-30.95972,-64.54434,n,2.19,N20
capilla_del_monte,2024-09-21,2024-09-21,0547,-30.95771,-64.56331,n,13.87,N20
capilla_del_monte,2024-09-21,2024-09-21,0547,-30.95724,-64.56774,n,13.87,N20
capilla_del_monte,2024-09-21,2024-09-21,0547,-30.95677,-64.57217,h,87.51,N20
capilla_del_monte,2024-09-21,2024-09-21,0547,-30.9563,-64.57657,n,87.51,N20
capilla_del_monte,2024-09-21,2024-09-21,0547,-30.95584,-64.58086,h,30.79,N20
capilla_del_monte,2024-09-21,2024-09-21,0547,-30.95501,-64.58885,n,2.05,N20
capilla_del_monte,2024-09-21,2024-09-21,0547,-30.95298,-64.56728,n,57.62,N20
capilla_del_monte,2024-09-21,2024-09-21,0547,-30.9525,-64.57178,n,38.48,N20
capilla_del_monte,2024-09-21,2024-09-21,0547,-30.95203,-64.57623,h,38.48,N20
capilla_del_monte,2024-09-21,2024-09-21,0547,-30.95156,-64.58059,h,18.81,N20
capilla_del_monte,2024-09-21,2024-09-21,0547,-30.95112,-64.58479,h,18.81,N20
capilla_del_monte,2024-09-21,2024-09-21,0547,-30.9507,-64.58873,n,4.25,N20
capilla_del_monte,2024-09-21,2024-09-21,0547,-30.95034,-64.59221,n,4.25,N20
capilla_del_monte,2024-09-21,2024-09-21,0547,-30.94873,-64.56664,n,57.62,N20
capilla_del_monte,2024-09-21,2024-09-21,0547,-30.94825,-64.57124,h,38.48,N20
capilla_del_monte,2024-09-21,2024-09-21,0547,-30.94777,-64.5758,h,38.48,N20
capilla_del_monte,2024-09-21,2024-09-21,0547,-30.94729,-64.58025,h,18.81,N20
capilla_del_monte,2024-09-21,2024-09-21,0547,-30.94685,-64.5845,h,18.81,N20
capilla_del_monte,2024-09-21,2024-09-21,0547,-30.94643,-64.58845,n,4.25,N20
capilla_del_monte,2024-09-21,2024-09-21,0547,-30.94623,-64.46661,n,1.87,N20
capilla_del_monte,2024-09-21,2024-09-21,0547,-30.9458,-64.47086,n,0.9,N20
capilla_del_monte,2024-09-21,2024-09-21,0547,-30.94499,-64.56121,n,32.08,N20
capilla_del_monte,2024-09-21,2024-09-21,0547,-30.94449,-64.56593,n,32.08,N20
capilla_del_monte,2024-09-21,2024-09-21,0547,-30.944,-64.57064,h,11.19,N20
capilla_del_monte,2024-09-21,2024-09-21,0547,-30.94351,-64.57529,n,11.19,N20
capilla_del_monte,2024-09-21,2024-09-21,0547,-30.94303,-64.57981,n,9.7,N20
capilla_del_monte,2024-09-21,2024-09-21,0547,-30.94258,-64.58406,n,9.7,N20
capilla_del_monte,2024-09-21,2024-09-21,0547,-30.94216,-64.58813,n,3.26,N20
capilla_del_monte,2024-09-21,2024-09-21,0547,-30.94193,-64.46627,n,1.87,N20
capilla_del_monte,2024-09-21,2024-09-21,0547,-30.94099,-64.47536,n,0.9,N20
capilla_del_monte,2024-09-21,2024-09-21,0547,-30.94077,-64.56037,n,32.08,N20
capilla_del_monte,2024-09-21,2024-09-21,0547,-30.94027,-64.56514,h,32.08,N20
capilla_del_monte,2024-09-21,2024-09-21,0547,-30.93976,-64.56995,n,11.19,N20
capilla_del_monte,2024-09-21,2024-09-21,0547,-30.93926,-64.57472,n,11.19,N20
capilla_del_monte,2024-09-21,2024-09-21,0547,-30.93878,-64.57928,n,9.7,N20
capilla_del_monte,2024-09-21,2024-09-21,0547,-30.93843,-64.50007,n,2.1,N20
capilla_del_monte,2024-09-21,2024-09-21,0547,-30.93833,-64.58354,n,9.7,N20
capilla_del_monte,2024-09-21,2024-09-21,0547,-30.93791,-64.58759,n,3.26,N20
capilla_del_monte,2024-09-21,2024-09-21,0547,-30.93763,-64.46598,n,1.14,N20
capilla_del_monte,2024-09-21,2024-09-21,0547,-30.9375,-64.59145,n,3.26,N20
capilla_del_monte,2024-09-21,2024-09-21,0547,-30.93604,-64.56436,n,16.66,N20
capilla_del_monte,2024-09-21,2024-09-21,0547,-30.93553,-64.5692,n,5.03,N20
capilla_del_monte,2024-09-21,2024-09-21,0547,-30.93503,-64.574,n,5.03,N20
capilla_del_monte,2024-09-21,2024-09-21,0547,-30.93428,-64.4565,n,1.32,N20
capilla_del_monte,2024-09-21,2024-09-21,0547,-30.93326,-64.54963,n,5.04,N20
capilla_del_monte,2024-09-21,2024-09-21,0547,-30.93279,-64.55418,n,5.04,N20
capilla_del_monte,2024-09-21,2024-09-21,0547,-30.93229,-64.55894,n,16.66,N20
capilla_del_monte,2024-09-21,2024-09-21,0547,-30.9318,-64.56371,n,16.66,N20
capilla_del_monte,2024-09-21,2024-09-21,0547,-30.9313,-64.56844,n,5.03,N20
capilla_del_monte,2024-09-21,2024-09-21,0547,-30.93081,-64.5732,n,5.03,N20
capilla_del_monte,2024-09-21,2024-09-21,0547,-30.93045,-64.45161,n,1.15,N20
capilla_del_monte,2024-09-21,2024-09-21,0547,-30.92997,-64.45618,n,1.15,N20
capilla_del_monte,2024-09-21,2024-09-21,0547,-30.92854,-64.55352,n,3.74,N20
capilla_del_monte,2024-09-21,2024-09-21,0547,-30.92805,-64.55829,n,3.64,N20
capilla_del_monte,2024-09-21,2024-09-21,0547,-30.92755,-64.56307,n,3.64,N20
capilla_del_monte,2024-09-21,2024-09-21,0547,-30.92706,-64.56777,n,3.05,N20
capilla_del_monte,2024-09-21,2024-09-21,0547,-30.92526,-64.54358,n,2.14,N20
capilla_del_monte,2024-09-21,2024-09-21,0547,-30.92475,-64.58994,n,6.57,N20
capilla_del_monte,2024-09-21,2024-09-21,0547,-30.92281,-64.56718,n,3.05,N20
capilla_del_monte,2024-09-21,2024-09-21,0547,-30.92102,-64.54286,n,2.31,N20
capilla_del_monte,2024-09-21,2024-09-21,0547,-30.92094,-64.58514,n,6.57,N20
capilla_del_monte,2024-09-21,2024-09-21,0547,-30.92052,-64.58917,n,6.57,N20
capilla_del_monte,2024-09-21,2024-09-21,0547,-30.92005,-64.55225,n,8.6,N20
capilla_del_monte,2024-09-21,2024-09-21,0547,-30.91955,-64.55704,n,6.05,N20
capilla_del_monte,2024-09-21,2024-09-21,0547,-30.91858,-64.56649,n,1.71,N20
capilla_del_monte,2024-09-21,2024-09-21,0547,-30.91717,-64.58004,n,2.96,N20
capilla_del_monte,2024-09-21,2024-09-21,0547,-30.91672,-64.58437,n,7.06,N20
capilla_del_monte,2024-09-21,2024-09-21,0547,-30.91435,-64.5657,n,1.71,N20
capilla_del_monte,2024-09-21,2024-09-21,0547,-30.91423,-64.44051,n,2.51,N20
capilla_del_monte,2024-09-21,2024-09-21,0547,-30.91377,-64.44498,n,2.51,N20
capilla_del_monte,2024-09-21,2024-09-21,0547,-30.91341,-64.57477,n,2.96,N20
capilla_del_monte,2024-09-21,2024-09-21,0547,-30.91295,-64.57922,n,2.96,N20
capilla_del_monte,2024-09-21,2024-09-21,0547,-30.91249,-64.5836,n,7.06,N20
capilla_del_monte,2024-09-21,2024-09-21,0547,-30.91204,-64.58796,n,7.06,N20
capilla_del_monte,2024-09-21,2024-09-21,0547,-30.90995,-64.43996,n,2.51,N20
capilla_del_monte,2024-09-21,2024-09-21,0547,-30.90964,-64.56956,n,3.04,N20
capilla_del_monte,2024-09-21,2024-09-21,0547,-30.90949,-64.44446,n,2.51,N20
capilla_del_monte,2024-09-21,2024-09-21,0547,-30.90917,-64.57406,n,3.07,N20
capilla_del_monte,2024-09-21,2024-09-21,0547,-30.90872,-64.57849,n,3.07,N20
capilla_del_monte,2024-09-21,2024-09-21,0547,-30.9078,-64.58733,n,82.85,N20
capilla_del_monte,2024-09-21,2024-09-21,0547,-30.9054,-64.56887,n,3.04,N20
capilla_del_monte,2024-09-21,2024-09-21,0547,-30.90521,-64.44395,n,5.09,N20
capilla_del_monte,2024-09-21,2024-09-21,0547,-30.90494,-64.5734,n,3.07,N20
capilla_del_monte,2024-09-21,2024-09-21,0547,-30.90478,-64.44819,n,3.76,N20
capilla_del_monte,2024-09-21,2024-09-21,0547,-30.90272,-64.44277,n,4.26,N20
capilla_del_monte,2024-09-21,2024-09-21,0547,-30.90226,-64.44706,n,4.26,N20
capilla_del_monte,2024-09-21,2024-09-21,0547,-30.90092,-64.4435,n,5.09,N20
capilla_del_monte,2024-09-21,2024-09-21,0547,-30.9005,-64.44769,n,3.76,N20
capilla_del_monte,2024-09-21,2024-09-21,0547,-30.89841,-64.44243,n,4.26,N20
capilla_del_monte,2024-09-21,2024-09-21,0547,-30.89797,-64.44662,n,4.26,N20
capilla_del_monte,2024-09-21,2024-09-21,0547,-30.89367,-64.44622,n,1.41,N20
capilla_del_monte,2024-09-21,2024-09-21,0547,-30.88002,-64.45232,n,2.07,N20
capilla_del_monte,2024-09-21,2024-09-21,0547,-30.87914,-64.46062,n,6.04,N20
capilla_del_monte,2024-09-21,2024-09-21,0547,-30.87659,-64.44377,n,2.07,N20
capilla_del_monte,2024-09-21,2024-09-21,0547,-30.87615,-64.44797,n,1.95,N20
capilla_del_monte,2024-09-21,2024-09-21,0547,-30.8757,-64.45216,n,1.95,N20
capilla_del_monte,2024-09-21,2024-09-21,0547,-30.87526,-64.45637,n,1.35,N20
capilla_del_monte,2024-09-21,2024-09-21,0547,-30.87481,-64.46058,n,1.35,N20
capilla_del_monte,2024-09-21,2024-09-21,0547,-30.87181,-64.44794,n,1.95,N20
capilla_del_monte,2024-09-21,2024-09-21,0547,-30.87136,-64.45223,n,1.95,N20
capilla_del_monte,2024-09-21,2024-09-21,0547,-30.86227,-64.45619,n,1.07,N20
capilla_del_monte,2024-09-21,2024-09-21,0547,-30.85846,-64.45126,n,13.04,N20
capilla_del_monte,2024-09-21,2024-09-21,0547,-30.85802,-64.45541,n,5.23,N20
capilla_del_monte,2024-09-21,2024-09-21,0547,-30.85759,-64.45952,n,5.23,N20
capilla_del_monte,2024-09-21,2024-09-21,0547,-30.85462,-64.4465,n,13.04,N20
capilla_del_monte,2024-09-21,2024-09-21,0547,-30.8542,-64.45057,n,13.04,N20
capilla_del_monte,2024-09-21,2024-09-21,0547,-30.85377,-64.45464,n,5.23,N20
capilla_del_monte,2024-09-21,2024-09-21,0547,-30.85332,-64.45889,n,5.23,N20
capilla_del_monte,2024-09-21,2024-09-21,0547,-30.85288,-64.46312,n,3.07,N20
capilla_del_monte,2024-09-21,2024-09-21,0547,-30.85037,-64.44576,n,2.15,N20
capilla_del_monte,2024-09-21,2024-09-21,0547,-30.84992,-64.44999,n,2.15,N20
capilla_del_monte,2024-09-21,2024-09-21,0547,-30.84948,-64.45422,n,1.08,N20
capilla_del_monte,2024-09-21,2024-09-21,0547,-30.84902,-64.4586,n,1.08,N20
capilla_del_monte,2024-09-21,2024-09-21,1811,-30.98147,-64.54656,l,7.44,N20
capilla_del_monte,2024-09-21,2024-09-21,1811,-30.9788,-64.5516,l,7.44,N20
capilla_del_monte,2024-09-21,2024-09-21,1811,-30.96425,-64.52818,l,5.17,N20
capilla_del_monte,2024-09-21,2024-09-21,1811,-30.96085,-64.52895,n,5.17,N20
capilla_del_monte,2024-09-21,2024-09-21,1811,-30.95889,-64.53822,l,9.67,N20
capilla_del_monte,2024-09-21,2024-09-21,1811,-30.95817,-64.53396,l,9.67,N20
capilla_del_monte,2024-09-21,2024-09-21,1811,-30.95661,-64.58711,n,1.8,N20
capilla_del_monte,2024-09-21,2024-09-21,1811,-30.95313,-64.58685,l,4.52,N20
capilla_del_monte,2024-09-21,2024-09-21,1811,-30.9521,-64.53977,l,34.21,N20
capilla_del_monte,2024-09-21,2024-09-21,1811,-30.95137,-64.53549,l,34.21,N20
capilla_del_monte,2024-09-21,2024-09-21,1811,-30.94974,-64.58764,n,47.23,N20
capilla_del_monte,2024-09-21,2024-09-21,1811,-30.94871,-64.54057,l,34.21,N20
capilla_del_monte,2024-09-21,2024-09-21,1811,-30.94567,-64.58437,l,39.38,N20
capilla_del_monte,2024-09-21,2024-09-21,1811,-30.9455,-64.48009,l,5.11,N20
capilla_del_monte,2024-09-21,2024-09-21,1811,-30.94534,-64.54015,l,104.13,N20
capilla_del_monte,2024-09-21,2024-09-21,1811,-30.94337,-64.46752,n,4.44,N20
capilla_del_monte,2024-09-21,2024-09-21,1811,-30.94265,-64.5452,n,32.61,N20
capilla_del_monte,2024-09-21,2024-09-21,1811,-30.93996,-64.55019,l,32.61,N20
capilla_del_monte,2024-09-21,2024-09-21,1811,-30.93656,-64.55093,l,23.53,N20
capilla_del_monte,2024-09-21,2024-09-21,1811,-30.93388,-64.55595,l,25.98,N20
capilla_del_monte,2024-09-21,2024-09-21,1811,-30.93344,-64.59545,n,22.59,N20
capilla_del_monte,2024-09-21,2024-09-21,1811,-30.93197,-64.42146,n,8.32,N20
capilla_del_monte,2024-09-21,2024-09-21,1811,-30.93177,-64.43814,l,36.51,N20
capilla_del_monte,2024-09-21,2024-09-21,1811,-30.93106,-64.43391,l,36.51,N20
capilla_del_monte,2024-09-21,2024-09-21,1811,-30.93004,-64.59621,l,8.19,N20
capilla_del_monte,2024-09-21,2024-09-21,1811,-30.92961,-64.42531,n,43.19,N20
capilla_del_monte,2024-09-21,2024-09-21,1811,-30.92932,-64.42664,n,32.47,N20
capilla_del_monte,2024-09-21,2024-09-21,1811,-30.92857,-64.42224,n,8.32,N20
capilla_del_monte,2024-09-21,2024-09-21,1811,-30.92837,-64.43897,n,36.51,N20
capilla_del_monte,2024-09-21,2024-09-21,1811,-30.92813,-64.41647,n,10.43,N20
capilla_del_monte,2024-09-21,2024-09-21,1811,-30.92781,-64.41782,n,8.32,N20
capilla_del_monte,2024-09-21,2024-09-21,1811,-30.9274,-64.41204,l,7.62,N20
capilla_del_monte,2024-09-21,2024-09-21,1811,-30.92704,-64.41338,n,10.72,N20
capilla_del_monte,2024-09-21,2024-09-21,1811,-30.92622,-64.42612,l,43.19,N20
capilla_del_monte,2024-09-21,2024-09-21,1811,-30.92596,-64.59286,n,8.19,N20
capilla_del_monte,2024-09-21,2024-09-21,1811,-30.92547,-64.42167,l,10.43,N20
capilla_del_monte,2024-09-21,2024-09-21,1811,-30.92529,-64.58883,l,4.61,N20
capilla_del_monte,2024-09-21,2024-09-21,1811,-30.92498,-64.43981,h,11.2,N20
capilla_del_monte,2024-09-21,2024-09-21,1811,-30.92354,-64.43128,n,16.45,N20
capilla_del_monte,2024-09-21,2024-09-21,1811,-30.9223,-64.44493,n,18.58,N20
capilla_del_monte,2024-09-21,2024-09-21,1811,-30.92207,-64.42245,n,8.47,N20
capilla_del_monte,2024-09-21,2024-09-21,1811,-30.92187,-64.58948,n,11.71,N20
capilla_del_monte,2024-09-21,2024-09-21,1811,-30.92158,-64.44064,n,11.2,N20
capilla_del_monte,2024-09-21,2024-09-21,1811,-30.92118,-64.58538,n,11.71,N20
capilla_del_monte,2024-09-21,2024-09-21,1811,-30.92086,-64.43636,n,11.2,N20
capilla_del_monte,2024-09-21,2024-09-21,1811,-30.91813,-64.54612,l,2.44,N20
capilla_del_monte,2024-09-21,2024-09-21,1811,-30.91746,-64.43716,l,11.99,N20
capilla_del_monte,2024-09-21,2024-09-21,1811,-30.91599,-64.42844,n,22.38,N20
capilla_del_monte,2024-09-21,2024-09-21,1811,-30.91494,-64.56913,l,6.45,N20
capilla_del_monte,2024-09-21,2024-09-21,1811,-30.91259,-64.42919,n,22.38,N20
capilla_del_monte,2024-09-21,2024-09-21,1811,-30.91225,-64.57411,n,20.85,N20
capilla_del_monte,2024-09-21,2024-09-21,1811,-30.91153,-64.56986,n,20.85,N20
capilla_del_monte,2024-09-21,2024-09-21,1811,-30.90993,-64.43441,l,3.86,N20
capilla_del_monte,2024-09-21,2024-09-21,1811,-30.90918,-64.42998,n,3.86,N20
capilla_del_monte,2024-09-21,2024-09-21,1811,-30.90814,-64.57062,n,20.85,N20
capilla_del_monte,2024-09-21,2024-09-21,1811,-30.90771,-64.42123,n,7.38,N20
capilla_del_monte,2024-09-21,2024-09-21,1811,-30.90742,-64.56634,l,20.82,N20
capilla_del_monte,2024-09-21,2024-09-21,1811,-30.90504,-64.42644,n,7.38,N20
capilla_del_monte,2024-09-21,2024-09-21,1811,-30.90474,-64.57137,l,4.42,N20
capilla_del_monte,2024-09-21,2024-09-21,1811,-30.90165,-64.42731,n,10.49,N20
capilla_del_monte,2024-09-21,2024-09-21,1811,-30.89901,-64.43258,n,6.13,N20
capilla_del_monte,2024-09-21,2024-09-21,1811,-30.89827,-64.42823,n,10.49,N20
capilla_del_monte,2024-09-21,2024-09-21,1811,-30.89504,-64.45094,n,4.91,N20
capilla_del_monte,2024-09-21,2024-09-21,1811,-30.89222,-64.43427,n,5.34,N20
capilla_del_monte,2024-09-21,2024-09-21,1811,-30.89148,-64.42989,n,17.71,N20
capilla_del_monte,2024-09-21,2024-09-21,1811,-30.88882,-64.43506,n,5.47,N20
capilla_del_monte,2024-09-21,2024-09-21,1811,-30.88807,-64.43067,n,12.07,N20
capilla_del_monte,2024-09-21,2024-09-21,1811,-30.88541,-64.43584,n,5.47,N20
capilla_del_monte,2024-09-21,2024-09-21,1811,-30.88244,-64.4183,l,8.96,N20
capilla_del_monte,2024-09-21,2024-09-21,1811,-30.87904,-64.41909,n,14.65,N20
capilla_del_monte,2024-09-21,2024-09-21,1811,-30.87564,-64.4199,l,14.65,N20
capilla_del_monte,2024-09-21,2024-09-21,1811,-30.87299,-64.42515,n,7.78,N20
capilla_del_monte,2024-09-21,2024-09-21,1811,-30.87033,-64.43037,n,5.33,N20
capilla_del_monte,2024-09-21,2024-09-21,1811,-30.86517,-64.48336,n,4.67,N20
capilla_del_monte,2024-09-21,2024-09-21,1811,-30.86499,-64.44056,l,4.76,N20
capilla_del_monte,2024-09-21,2024-09-21,1811,-30.85819,-64.44215,n,17.88,N20
capilla_del_monte,2024-09-21,2024-09-21,1811,-30.85479,-64.44292,n,13.34,N20
capilla_del_monte,2024-09-21,2024-09-21,1811,-30.85137,-64.44366,l,13.34,N20
capilla_del_monte,2024-09-21,2024-09-21,1811,-30.84938,-64.45276,h,10.68,N20
capilla_del_monte,2024-09-21,2024-09-21,1811,-30.84867,-64.44862,n,13.54,N20
capilla_del_monte,2024-09-22,2024-09-22,0528,-30.9783,-64.39765,n,68.13,N20
capilla_del_monte,2024-09-22,2024-09-22,0528,-30.9777,-64.40187,n,68.13,N20
capilla_del_monte,2024-09-22,2024-09-22,0528,-30.97709,-64.40615,n,40.55,N20
capilla_del_monte,2024-09-22,2024-09-22,0528,-30.9755,-64.39271,n,5.92,N20
capilla_del_monte,2024-09-22,2024-09-22,0528,-30.97488,-64.39705,h,68.13,N20
capilla_del_monte,2024-09-22,2024-09-22,0528,-30.97427,-64.40132,n,68.13,N20
capilla_del_monte,2024-09-22,2024-09-22,0528,-30.97367,-64.40561,n,40.55,N20
capilla_del_monte,2024-09-22,2024-09-22,0528,-30.97305,-64.40991,n,40.55,N20
capilla_del_monte,2024-09-22,2024-09-22,0528,-30.97243,-64.41423,n,8.45,N20
capilla_del_monte,2024-09-22,2024-09-22,0528,-30.97209,-64.39204,n,1.15,N20
capilla_del_monte,2024-09-22,2024-09-22,0528,-30.97146,-64.39642,n,38.95,N20
capilla_del_monte,2024-09-22,2024-09-22,0528,-30.97085,-64.40075,h,38.95,N20
capilla_del_monte,2024-09-22,2024-09-22,0528,-30.97039,-64.45316,n,13.19,N20
capilla_del_monte,2024-09-22,2024-09-22,0528,-30.97024,-64.40507,n,43.91,N20
capilla_del_monte,2024-09-22,2024-09-22,0528,-30.96963,-64.40936,n,43.91,N20
capilla_del_monte,2024-09-22,2024-09-22,0528,-30.96901,-64.41365,n,16.45,N20
capilla_del_monte,2024-09-22,2024-09-22,0528,-30.96879,-64.43984,n,1.27,N20
capilla_del_monte,2024-09-22,2024-09-22,0528,-30.9684,-64.41796,n,16.45,N20
capilla_del_monte,2024-09-22,2024-09-22,0528,-30.96805,-64.39576,n,38.95,N20
capilla_del_monte,2024-09-22,2024-09-22,0528,-30.96698,-64.45255,n,13.19,N20
capilla_del_monte,2024-09-22,2024-09-22,0528,-30.96682,-64.40445,n,43.91,N20
capilla_del_monte,2024-09-22,2024-09-22,0528,-30.96621,-64.40877,n,43.91,N20
capilla_del_monte,2024-09-22,2024-09-22,0528,-30.96559,-64.41308,n,16.45,N20
capilla_del_monte,2024-09-22,2024-09-22,0528,-30.96537,-64.43923,n,1.86,N20
capilla_del_monte,2024-09-22,2024-09-22,0528,-30.96498,-64.41737,n,16.45,N20
capilla_del_monte,2024-09-22,2024-09-22,0528,-30.96464,-64.3951,n,0.71,N20
capilla_del_monte,2024-09-22,2024-09-22,0528,-30.96402,-64.39947,n,0.71,N20
capilla_del_monte,2024-09-22,2024-09-22,0528,-30.96357,-64.45194,n,8.28,N20
capilla_del_monte,2024-09-22,2024-09-22,0528,-30.9634,-64.40382,h,48.16,N20
capilla_del_monte,2024-09-22,2024-09-22,0528,-30.96217,-64.41249,n,8.51,N20
capilla_del_monte,2024-09-22,2024-09-22,0528,-30.96156,-64.41676,n,8.51,N20
capilla_del_monte,2024-09-22,2024-09-22,0528,-30.96075,-64.44714,n,8.28,N20
capilla_del_monte,2024-09-22,2024-09-22,0528,-30.96016,-64.45132,n,8.28,N20
capilla_del_monte,2024-09-22,2024-09-22,0528,-30.95999,-64.40318,n,48.16,N20
capilla_del_monte,2024-09-22,2024-09-22,0528,-30.95955,-64.45554,n,6.93,N20
capilla_del_monte,2024-09-22,2024-09-22,0528,-30.95938,-64.40751,n,48.16,N20
capilla_del_monte,2024-09-22,2024-09-22,0528,-30.95895,-64.45981,n,6.93,N20
capilla_del_monte,2024-09-22,2024-09-22,0528,-30.95876,-64.41185,n,8.51,N20
capilla_del_monte,2024-09-22,2024-09-22,0528,-30.95815,-64.41614,n,8.51,N20
capilla_del_monte,2024-09-22,2024-09-22,0528,-30.95554,-64.45918,n,2.77,N20
capilla_del_monte,2024-09-22,2024-09-22,0528,-30.95535,-64.41119,n,1.53,N20
capilla_del_monte,2024-09-22,2024-09-22,0528,-30.95213,-64.45856,n,2.77,N20
capilla_del_monte,2024-09-22,2024-09-22,0528,-30.94832,-64.4361,n,1.86,N20
capilla_del_monte,2024-09-22,2024-09-22,0528,-30.94715,-64.59139,n,3.21,N20
capilla_del_monte,2024-09-22,2024-09-22,0528,-30.9449,-64.43549,n,2.7,N20
capilla_del_monte,2024-09-22,2024-09-22,0528,-30.94392,-64.41773,n,3.62,N20
capilla_del_monte,2024-09-22,2024-09-22,0528,-30.94078,-64.53826,n,3.84,N20
capilla_del_monte,2024-09-22,2024-09-22,0528,-30.94018,-64.54252,n,3.84,N20
capilla_del_monte,2024-09-22,2024-09-22,0528,-30.92811,-64.40565,n,1.08,N20
capilla_del_monte,2024-09-22,2024-09-22,0528,-30.92558,-64.59585,n,1.32,N20
capilla_del_monte,2024-09-22,2024-09-22,0528,-30.92009,-64.41292,n,0.99,N20
capilla_del_monte,2024-09-22,2024-09-22,0528,-30.91729,-64.40794,n,1.55,N20
capilla_del_monte,2024-09-22,2024-09-22,0528,-30.90178,-64.41862,n,8.6,N20
capilla_del_monte,2024-09-22,2024-09-22,0528,-30.90118,-64.42297,n,8.6,N20
capilla_del_monte,2024-09-22,2024-09-22,0528,-30.89775,-64.4224,n,3.08,N20
capilla_del_monte,2024-09-22,2024-09-22,0528,-30.89714,-64.42677,n,5.98,N20
capilla_del_monte,2024-09-22,2024-09-22,0528,-30.89373,-64.42614,n,5.98,N20
capilla_del_monte,2024-09-22,2024-09-22,0528,-30.87913,-64.40547,n,4.13,N20
capilla_del_monte,2024-09-22,2024-09-22,0528,-30.87852,-64.40983,n,4.13,N20
capilla_del_monte,2024-09-22,2024-09-22,0528,-30.87822,-64.46186,n,1.35,N20
capilla_del_monte,2024-09-22,2024-09-22,0528,-30.87512,-64.41056,n,0.97,N20
capilla_del_monte,2024-09-22,2024-09-22,0528,-30.87511,-64.40919,n,4.13,N20
capilla_del_monte,2024-09-22,2024-09-22,0528,-30.87171,-64.40993,n,0.97,N20
capilla_del_monte,2024-09-22,2024-09-22,0528,-30.8711,-64.41422,n,3.49,N20
capilla_del_monte,2024-09-22,2024-09-22,0528,-30.86769,-64.41354,n,0.82,N20
capilla_del_monte,2024-09-22,2024-09-22,0528,-30.86707,-64.41788,n,0.82,N20
capilla_del_monte,2024-09-22,2024-09-22,0528,-30.86644,-64.42226,n,1.56,N20
capilla_del_monte,2024-09-22,2024-09-22,0528,-30.86581,-64.42667,n,1.56,N20
capilla_del_monte,2024-09-22,2024-09-22,0528,-30.86178,-64.43037,n,0.95,N20
capilla_del_monte,2024-09-22,2024-09-22,0528,-30.86116,-64.43469,n,0.95,N20
capilla_del_monte,2024-09-22,2024-09-22,0528,-30.85838,-64.42973,n,3.25,N20
capilla_del_monte,2024-09-22,2024-09-22,0528,-30.85776,-64.43402,n,3.25,N20
capilla_del_monte,2024-09-22,2024-09-22,0528,-30.85436,-64.43336,n,3.25,N20
capilla_del_monte,2024-09-22,2024-09-22,0528,-30.85375,-64.43764,n,4.17,N20
capilla_del_monte,2024-09-22,2024-09-22,0528,-30.85035,-64.43695,n,0.78,N20
capilla_del_monte,2024-09-22,2024-09-22,0528,-30.84974,-64.44122,n,0.78,N20
capilla_del_monte,2024-09-22,2024-09-22,1752,-31.00955,-64.34081,n,8.36,N20
capilla_del_monte,2024-09-22,2024-09-22,1752,-31.00897,-64.36328,n,3.64,N20
capilla_del_monte,2024-09-22,2024-09-22,1752,-31.00607,-64.34135,n,10.05,N20
capilla_del_monte,2024-09-22,2024-09-22,1752,-31.0055,-64.33702,n,10.05,N20
capilla_del_monte,2024-09-22,2024-09-22,1752,-31.0049,-64.38634,n,3.82,N20
capilla_del_monte,2024-09-22,2024-09-22,1752,-31.00371,-64.40427,l,2.92,N20
capilla_del_monte,2024-09-22,2024-09-22,1752,-31.00202,-64.33755,n,10.05,N20
capilla_del_monte,2024-09-22,2024-09-22,1752,-30.99676,-64.40546,n,2.86,N20
capilla_del_monte,2024-09-22,2024-09-22,1752,-30.99507,-64.33862,n,8.82,N20
capilla_del_monte,2024-09-22,2024-09-22,1752,-30.99103,-64.33485,n,5.55,N20
capilla_del_monte,2024-09-22,2024-09-22,1752,-30.98409,-64.336,l,9.75,N20
capilla_del_monte,2024-09-22,2024-09-22,1752,-30.98353,-64.33176,n,9.75,N20
capilla_del_monte,2024-09-22,2024-09-22,1752,-30.98007,-64.33238,n,9.75,N20
capilla_del_monte,2024-09-22,2024-09-22,1752,-30.98003,-64.35909,n,8.08,N20
capilla_del_monte,2024-09-22,2024-09-22,1752,-30.97661,-64.33304,n,15.6,N20
capilla_del_monte,2024-09-22,2024-09-22,1752,-30.97656,-64.35971,l,8.08,N20
capilla_del_monte,2024-09-22,2024-09-22,1752,-30.97599,-64.35536,l,11,N20
capilla_del_monte,2024-09-22,2024-09-22,1752,-30.97315,-64.33369,n,15.6,N20
capilla_del_monte,2024-09-22,2024-09-22,1752,-30.97253,-64.35602,n,4.67,N20
capilla_del_monte,2024-09-22,2024-09-22,1752,-30.97077,-64.36965,l,6.99,N20
capilla_del_monte,2024-09-22,2024-09-22,1752,-30.96969,-64.33435,n,9.79,N20
capilla_del_monte,2024-09-22,2024-09-22,1752,-30.96961,-64.42606,n,2.69,N20
capilla_del_monte,2024-09-22,2024-09-22,1752,-30.96849,-64.35227,n,4.67,N20
capilla_del_monte,2024-09-22,2024-09-22,1752,-30.96792,-64.34791,n,6.08,N20
capilla_del_monte,2024-09-22,2024-09-22,1752,-30.96623,-64.33498,n,9.79,N20
capilla_del_monte,2024-09-22,2024-09-22,1752,-30.96383,-64.37089,l,4.71,N20
capilla_del_monte,2024-09-22,2024-09-22,1752,-30.96333,-64.33993,n,6.99,N20
capilla_del_monte,2024-09-22,2024-09-22,1752,-30.96276,-64.33561,n,6.99,N20
capilla_del_monte,2024-09-22,2024-09-22,1752,-30.96205,-64.34293,n,3.66,N20
capilla_del_monte,2024-09-22,2024-09-22,1752,-30.96147,-64.33861,n,6.71,N20
capilla_del_monte,2024-09-22,2024-09-22,1752,-30.95742,-64.38795,n,3.81,N20
capilla_del_monte,2024-09-22,2024-09-22,1752,-30.95555,-64.53472,l,9.83,N20
capilla_del_monte,2024-09-22,2024-09-22,1752,-30.95123,-64.47509,n,2.38,N20
capilla_del_monte,2024-09-22,2024-09-22,1752,-30.94858,-64.53593,n,18.98,N20
capilla_del_monte,2024-09-22,2024-09-22,1752,-30.94509,-64.53653,n,14.09,N20
capilla_del_monte,2024-09-22,2024-09-22,1752,-30.94454,-64.58684,n,7.53,N20
capilla_del_monte,2024-09-22,2024-09-22,1752,-30.94451,-64.53213,h,15.05,N20
capilla_del_monte,2024-09-22,2024-09-22,1752,-30.94276,-64.54601,l,3.09,N20
capilla_del_monte,2024-09-22,2024-09-22,1752,-30.94105,-64.5875,n,7.53,N20
capilla_del_monte,2024-09-22,2024-09-22,1752,-30.94102,-64.53274,h,15.05,N20
capilla_del_monte,2024-09-22,2024-09-22,1752,-30.94044,-64.52831,n,15.05,N20
capilla_del_monte,2024-09-22,2024-09-22,1752,-30.93928,-64.54666,l,52.49,N20
capilla_del_monte,2024-09-22,2024-09-22,1752,-30.93812,-64.5378,n,12.46,N20
capilla_del_monte,2024-09-22,2024-09-22,1752,-30.93754,-64.53337,h,16.12,N20
capilla_del_monte,2024-09-22,2024-09-22,1752,-30.93696,-64.52894,n,16.12,N20
capilla_del_monte,2024-09-22,2024-09-22,1752,-30.93464,-64.53845,l,12.46,N20
capilla_del_monte,2024-09-22,2024-09-22,1752,-30.93406,-64.53402,h,16.12,N20
capilla_del_monte,2024-09-22,2024-09-22,1752,-30.93232,-64.54799,l,30.79,N20
capilla_del_monte,2024-09-22,2024-09-22,1752,-30.93115,-64.53911,l,13.28,N20
capilla_del_monte,2024-09-22,2024-09-22,1752,-30.92941,-64.55309,l,30.79,N20
capilla_del_monte,2024-09-22,2024-09-22,1752,-30.92883,-64.54865,l,30.79,N20
capilla_del_monte,2024-09-22,2024-09-22,1752,-30.92825,-64.54419,n,13.28,N20
capilla_del_monte,2024-09-22,2024-09-22,1752,-30.92767,-64.53975,h,13.28,N20
capilla_del_monte,2024-09-22,2024-09-22,1752,-30.92535,-64.54928,n,8.75,N20
capilla_del_monte,2024-09-22,2024-09-22,1752,-30.92477,-64.54485,n,11.91,N20
capilla_del_monte,2024-09-22,2024-09-22,1752,-30.92426,-64.59575,l,8.23,N20
capilla_del_monte,2024-09-22,2024-09-22,1752,-30.92419,-64.5404,n,11.91,N20
capilla_del_monte,2024-09-22,2024-09-22,1752,-30.9207,-64.54105,n,11.91,N20
capilla_del_monte,2024-09-22,2024-09-22,1752,-30.92014,-64.59161,n,5.33,N20
capilla_del_monte,2024-09-22,2024-09-22,1752,-30.91665,-64.59222,n,19.24,N20
capilla_del_monte,2024-09-22,2024-09-22,1752,-30.91316,-64.59282,l,19.24,N20
capilla_del_monte,2024-09-22,2024-09-22,1752,-30.91138,-64.57912,n,12.66,N20
capilla_del_monte,2024-09-22,2024-09-22,1752,-30.9108,-64.5746,l,20.96,N20
capilla_del_monte,2024-09-22,2024-09-22,1752,-30.90789,-64.57977,h,173.22,N20
capilla_del_monte,2024-09-22,2024-09-22,1752,-30.90731,-64.57525,h,78.36,N20
capilla_del_monte,2024-09-22,2024-09-22,1752,-30.90672,-64.57075,n,78.36,N20
capilla_del_monte,2024-09-22,2024-09-22,1752,-30.90615,-64.56631,n,27.77,N20
capilla_del_monte,2024-09-22,2024-09-22,1752,-30.90499,-64.58494,n,173.22,N20
capilla_del_monte,2024-09-22,2024-09-22,1752,-30.90441,-64.58043,l,173.22,N20
capilla_del_monte,2024-09-22,2024-09-22,1752,-30.90382,-64.5759,l,78.36,N20
capilla_del_monte,2024-09-22,2024-09-22,1752,-30.90324,-64.57139,l,78.36,N20
capilla_del_monte,2024-09-22,2024-09-22,1752,-30.90266,-64.56695,l,27.77,N20
capilla_del_monte,2024-09-22,2024-09-22,1752,-30.90092,-64.5811,h,0,N20
capilla_del_monte,2024-09-22,2024-09-22,1752,-30.90034,-64.57658,h,93.14,N20
capilla_del_monte,2024-09-22,2024-09-22,1752,-30.89976,-64.57204,h,93.14,N20
capilla_del_monte,2024-09-22,2024-09-22,1752,-30.89918,-64.56759,l,64.61,N20
capilla_del_monte,2024-09-22,2024-09-22,1752,-30.89744,-64.58179,n,0,N20
capilla_del_monte,2024-09-22,2024-09-22,1752,-30.89686,-64.57726,h,93.14,N20
capilla_del_monte,2024-09-22,2024-09-22,1752,-30.89627,-64.5727,h,93.14,N20
capilla_del_monte,2024-09-22,2024-09-22,1752,-30.89569,-64.56822,l,64.61,N20
capilla_del_monte,2024-09-22,2024-09-22,1752,-30.89376,-64.41661,n,8.93,N20
capilla_del_monte,2024-09-22,2024-09-22,1752,-30.89337,-64.5779,l,0,N20
capilla_del_monte,2024-09-22,2024-09-22,1752,-30.89278,-64.57336,h,0,N20
capilla_del_monte,2024-09-22,2024-09-22,1752,-30.8922,-64.56888,h,92.78,N20
capilla_del_monte,2024-09-22,2024-09-22,1752,-30.89163,-64.56446,n,92.78,N20
capilla_del_monte,2024-09-22,2024-09-22,1752,-30.88988,-64.57852,l,0,N20
capilla_del_monte,2024-09-22,2024-09-22,1752,-30.8893,-64.57401,h,0,N20
capilla_del_monte,2024-09-22,2024-09-22,1752,-30.88872,-64.56953,n,92.78,N20
capilla_del_monte,2024-09-22,2024-09-22,1752,-30.88814,-64.56512,n,92.78,N20
capilla_del_monte,2024-09-22,2024-09-22,1752,-30.88639,-64.57915,h,90.59,N20
capilla_del_monte,2024-09-22,2024-09-22,1752,-30.88612,-64.58235,l,28.25,N20
capilla_del_monte,2024-09-22,2024-09-22,1752,-30.88581,-64.57462,n,90.59,N20
capilla_del_monte,2024-09-22,2024-09-22,1752,-30.88552,-64.57782,n,25.75,N20
capilla_del_monte,2024-09-22,2024-09-22,1752,-30.88522,-64.57014,n,11.05,N20
capilla_del_monte,2024-09-22,2024-09-22,1752,-30.88492,-64.57332,n,25.75,N20
capilla_del_monte,2024-09-22,2024-09-22,1752,-30.88432,-64.56886,n,6.48,N20
capilla_del_monte,2024-09-22,2024-09-22,1752,-30.88348,-64.58433,n,23.56,N20
capilla_del_monte,2024-09-22,2024-09-22,1752,-30.88289,-64.57974,n,90.59,N20
capilla_del_monte,2024-09-22,2024-09-22,1752,-30.88263,-64.58298,n,28.25,N20
capilla_del_monte,2024-09-22,2024-09-22,1752,-30.88231,-64.5752,n,90.59,N20
capilla_del_monte,2024-09-22,2024-09-22,1752,-30.88202,-64.5784,n,25.75,N20
capilla_del_monte,2024-09-22,2024-09-22,1752,-30.88142,-64.5739,n,25.75,N20
capilla_del_monte,2024-09-22,2024-09-22,1752,-30.87298,-64.39342,n,7.47,N20
capilla_del_monte,2024-09-22,2024-09-22,1752,-30.86951,-64.39398,n,3.69,N20
capilla_del_monte,2024-09-22,2024-09-22,1752,-30.86894,-64.38969,n,6.88,N20
capilla_del_monte,2024-09-22,2024-09-22,1752,-30.86491,-64.38597,n,6.88,N20
capilla_del_monte,2024-09-22,2024-09-22,1752,-30.86218,-64.40318,n,6.5,N20
capilla_del_monte,2024-09-22,2024-09-22,1752,-30.86089,-64.38238,n,4.35,N20
capilla_del_monte,2024-09-22,2024-09-22,1752,-30.86028,-64.40486,n,14.13,N20
capilla_del_monte,2024-09-22,2024-09-22,1752,-30.85983,-64.38564,n,8.04,N20
capilla_del_monte,2024-09-22,2024-09-22,1752,-30.85929,-64.40808,n,6.5,N20
capilla_del_monte,2024-09-22,2024-09-22,1752,-30.85743,-64.38303,n,4.35,N20
capilla_del_monte,2024-09-22,2024-09-22,1752,-30.85004,-64.39203,n,26.39,N20
capilla_del_monte,2024-09-22,2024-09-22,1752,-30.84946,-64.38766,n,26.39,N20
capilla_del_monte,2024-09-22,2024-09-22,1752,-30.84714,-64.39687,n,12.96,N20
capilla_del_monte,2024-09-22,2024-09-22,1752,-30.84657,-64.39258,n,19.05,N20
capilla_del_monte,2024-09-22,2024-09-22,1752,-30.84599,-64.38829,n,19.05,N20
capilla_del_monte,2024-09-22,2024-09-22,1752,-30.84427,-64.45526,n,13.09,N20
capilla_del_monte,2024-09-22,2024-09-22,1752,-30.84421,-64.42811,n,12.07,N20
capilla_del_monte,2024-09-22,2024-09-22,1752,-30.84367,-64.45075,l,13.09,N20
capilla_del_monte,2024-09-22,2024-09-22,1752,-30.84366,-64.39737,n,12.96,N20
capilla_del_monte,2024-09-22,2024-09-22,1752,-30.84363,-64.42379,n,12.07,N20
capilla_del_monte,2024-09-22,2024-09-22,1752,-30.84309,-64.39307,h,19.05,N20
capilla_del_monte,2024-09-22,2024-09-22,1752,-30.84138,-64.46027,n,6.49,N20
capilla_del_monte,2024-09-22,2024-09-22,1752,-30.84079,-64.45584,n,3.95,N20
capilla_del_monte,2024-09-22,2024-09-22,1752,-30.84074,-64.42872,n,12.07,N20
capilla_del_monte,2024-09-22,2024-09-22,1752,-30.8402,-64.45135,n,3.95,N20
capilla_del_monte,2024-09-22,2024-09-22,1752,-30.84016,-64.4244,n,12.07,N20
capilla_del_monte,2024-09-22,2024-09-22,1752,-30.8396,-64.39355,n,14.89,N20
capilla_del_monte,2024-09-22,2024-09-22,1752,-30.8379,-64.46084,n,6.49,N20
capilla_del_monte,2024-09-22,2024-09-22,1752,-30.83731,-64.45642,n,3.95,N20
capilla_del_monte,2024-09-22,2024-09-22,1752,-30.83727,-64.42932,n,7.41,N20
capilla_del_monte,2024-09-22,2024-09-22,1752,-30.83672,-64.45194,n,3.95,N20
capilla_del_monte,2024-09-22,2024-09-22,1752,-30.83669,-64.42501,n,7.41,N20
capilla_del_monte,2024-09-22,2024-09-22,1752,-30.83613,-64.42073,n,7.54,N20
capilla_del_monte,2024-09-22,2024-09-22,1752,-30.83613,-64.39407,n,14.89,N20
capilla_del_monte,2024-09-22,2024-09-22,1752,-30.83612,-64.44745,n,7.06,N20
capilla_del_monte,2024-09-22,2024-09-22,1752,-30.83554,-64.44303,n,7.06,N20
capilla_del_monte,2024-09-22,2024-09-22,1752,-30.83499,-64.41215,n,14.83,N20
capilla_del_monte,2024-09-22,2024-09-22,1752,-30.83441,-64.40781,n,14.83,N20
capilla_del_monte,2024-09-22,2024-09-22,1752,-30.83438,-64.4343,n,6.11,N20
capilla_del_monte,2024-09-22,2024-09-22,1752,-30.8338,-64.42994,n,7.41,N20
capilla_del_monte,2024-09-22,2024-09-22,1752,-30.83323,-64.42564,n,7.41,N20
capilla_del_monte,2024-09-22,2024-09-22,1752,-30.83266,-64.42136,h,7.54,N20
capilla_del_monte,2024-09-22,2024-09-22,1752,-30.83266,-64.3947,n,3.85,N20
capilla_del_monte,2024-09-22,2024-09-22,1752,-30.83265,-64.44804,n,24.32,N20
capilla_del_monte,2024-09-22,2024-09-22,1752,-30.83209,-64.41706,n,7.54,N20
capilla_del_monte,2024-09-22,2024-09-22,1752,-30.83207,-64.4436,n,24.32,N20
capilla_del_monte,2024-09-22,2024-09-22,1752,-30.83152,-64.41277,n,14.83,N20
capilla_del_monte,2024-09-22,2024-09-22,1752,-30.83148,-64.43925,n,12.03,N20
capilla_del_monte,2024-09-22,2024-09-22,1752,-30.83095,-64.40845,n,14.83,N20
capilla_del_monte,2024-09-22,2024-09-22,1752,-30.83091,-64.43491,n,12.03,N20
capilla_del_monte,2024-09-22,2024-09-22,1752,-30.83033,-64.43057,h,28.15,N20
capilla_del_monte,2024-09-22,2024-09-22,1752,-30.82979,-64.39975,n,9.32,N20
capilla_del_monte,2024-09-22,2024-09-22,1752,-30.82977,-64.4531,h,141.71,N20
capilla_del_monte,2024-09-22,2024-09-22,1752,-30.82976,-64.42628,h,28.15,N20
capilla_del_monte,2024-09-22,2024-09-22,1752,-30.8292,-64.42199,h,95.72,N20
capilla_del_monte,2024-09-22,2024-09-22,1752,-30.8292,-64.39534,n,3.85,N20
capilla_del_monte,2024-09-22,2024-09-22,1752,-30.82918,-64.44862,n,24.32,N20
capilla_del_monte,2024-09-22,2024-09-22,1752,-30.82863,-64.41769,h,95.72,N20
capilla_del_monte,2024-09-22,2024-09-22,1752,-30.82859,-64.44421,n,24.32,N20
capilla_del_monte,2024-09-22,2024-09-22,1752,-30.82806,-64.41339,n,31.84,N20
capilla_del_monte,2024-09-22,2024-09-22,1752,-30.82802,-64.43987,n,12.03,N20
capilla_del_monte,2024-09-22,2024-09-22,1752,-30.82748,-64.40908,n,31.84,N20
capilla_del_monte,2024-09-22,2024-09-22,1752,-30.82744,-64.43553,n,12.03,N20
capilla_del_monte,2024-09-22,2024-09-22,1752,-30.82689,-64.45819,n,51.15,N20
capilla_del_monte,2024-09-22,2024-09-22,1752,-30.82687,-64.43121,n,28.15,N20
capilla_del_monte,2024-09-22,2024-09-22,1752,-30.8263,-64.42691,n,28.15,N20
capilla_del_monte,2024-09-22,2024-09-22,1752,-30.82573,-64.42262,l,95.72,N20
capilla_del_monte,2024-09-22,2024-09-22,1752,-30.82571,-64.44926,h,81.01,N20
capilla_del_monte,2024-09-22,2024-09-22,1752,-30.82516,-64.41832,h,95.72,N20
capilla_del_monte,2024-09-22,2024-09-22,1752,-30.82513,-64.44484,h,81.01,N20
capilla_del_monte,2024-09-22,2024-09-22,1752,-30.82459,-64.41401,n,31.84,N20
capilla_del_monte,2024-09-22,2024-09-22,1752,-30.82455,-64.44052,n,114.61,N20
capilla_del_monte,2024-09-22,2024-09-22,1752,-30.82341,-64.43186,n,20.25,N20
capilla_del_monte,2024-09-22,2024-09-22,1752,-30.82284,-64.45436,n,51.15,N20
capilla_del_monte,2024-09-22,2024-09-22,1752,-30.82226,-64.42326,n,47.35,N20
capilla_del_monte,2024-09-22,2024-09-22,1752,-30.82224,-64.44989,n,81.01,N20
capilla_del_monte,2024-09-22,2024-09-22,1752,-30.8217,-64.41895,n,47.35,N20
capilla_del_monte,2024-09-22,2024-09-22,1752,-30.82166,-64.44549,n,81.01,N20
capilla_del_monte,2024-09-22,2024-09-22,1752,-30.82109,-64.44118,l,114.61,N20
capilla_del_monte,2024-09-22,2024-09-22,1752,-30.82052,-64.43685,n,114.61,N20
capilla_del_monte,2024-09-22,2024-09-22,1752,-30.8182,-64.44618,n,3.49,N20
capilla_del_monte,2024-09-23,2024-09-23,0509,-31.00675,-64.34167,n,1.41,N20
capilla_del_monte,2024-09-23,2024-09-23,0509,-31.00406,-64.33648,n,2.44,N20
capilla_del_monte,2024-09-23,2024-09-23,0509,-31.00137,-64.33135,n,6.54,N20
capilla_del_monte,2024-09-23,2024-09-23,0509,-30.99792,-64.33044,n,6.54,N20
capilla_del_monte,2024-09-23,2024-09-23,0509,-30.99448,-64.32957,n,8.83,N20
capilla_del_monte,2024-09-23,2024-09-23,0509,-30.99027,-64.33295,n,8.83,N20
capilla_del_monte,2024-09-23,2024-09-23,0509,-30.97718,-64.32552,n,3.89,N20
capilla_del_monte,2024-09-23,2024-09-23,0509,-30.97642,-64.32982,n,3.89,N20
capilla_del_monte,2024-09-23,2024-09-23,0509,-30.97295,-64.32909,n,5.41,N20
capilla_del_monte,2024-09-23,2024-09-23,0509,-30.96872,-64.33262,n,1.25,N20
capilla_del_monte,2024-09-23,2024-09-23,0509,-30.96525,-64.33184,n,1.38,N20
capilla_del_monte,2024-09-23,2024-09-23,0509,-30.94967,-64.47984,n,2.89,N20
capilla_del_monte,2024-09-23,2024-09-23,0509,-30.92146,-64.59667,n,1.51,N20
capilla_del_monte,2024-09-23,2024-09-23,0509,-30.92006,-64.40289,n,0.67,N20
capilla_del_monte,2024-09-23,2024-09-23,0509,-30.91799,-64.59567,n,1.35,N20
capilla_del_monte,2024-09-23,2024-09-23,0509,-30.9171,-64.60063,n,2.08,N20
capilla_del_monte,2024-09-23,2024-09-23,0509,-30.91454,-64.59464,n,1.35,N20
capilla_del_monte,2024-09-23,2024-09-23,0509,-30.91365,-64.59956,n,2.08,N20
capilla_del_monte,2024-09-23,2024-09-23,0509,-30.91191,-64.58903,n,0.9,N20
capilla_del_monte,2024-09-23,2024-09-23,0509,-30.91107,-64.5937,n,0.9,N20
capilla_del_monte,2024-09-23,2024-09-23,0509,-30.91018,-64.59862,n,1.89,N20
capilla_del_monte,2024-09-23,2024-09-23,0509,-30.90842,-64.58819,n,0.9,N20
capilla_del_monte,2024-09-23,2024-09-23,0509,-30.90757,-64.5929,n,0.9,N20
capilla_del_monte,2024-09-23,2024-09-23,0509,-30.90669,-64.59777,n,1.89,N20
capilla_del_monte,2024-09-23,2024-09-23,0509,-30.90576,-64.58277,n,1.22,N20
capilla_del_monte,2024-09-23,2024-09-23,0509,-30.90493,-64.58735,n,0.68,N20
capilla_del_monte,2024-09-23,2024-09-23,0509,-30.90407,-64.59209,n,0.68,N20
capilla_del_monte,2024-09-23,2024-09-23,0509,-30.90319,-64.59695,n,2.75,N20
capilla_del_monte,2024-09-23,2024-09-23,0509,-30.9023,-64.60188,n,2.75,N20
capilla_del_monte,2024-09-23,2024-09-23,0509,-30.90204,-64.56305,n,0.75,N20
capilla_del_monte,2024-09-23,2024-09-23,0509,-30.90143,-64.58656,n,0.68,N20
capilla_del_monte,2024-09-23,2024-09-23,0509,-30.90057,-64.59132,n,0.68,N20
capilla_del_monte,2024-09-23,2024-09-23,0509,-30.89969,-64.59618,n,2.75,N20
capilla_del_monte,2024-09-23,2024-09-23,0509,-30.89881,-64.60103,n,2.75,N20
capilla_del_monte,2024-09-23,2024-09-23,0509,-30.89775,-64.40633,n,1.56,N20
capilla_del_monte,2024-09-23,2024-09-23,0509,-30.89729,-64.40452,n,1.15,N20
capilla_del_monte,2024-09-23,2024-09-23,0509,-30.89707,-64.59052,n,1.47,N20
capilla_del_monte,2024-09-23,2024-09-23,0509,-30.89651,-64.40891,n,1.07,N20
capilla_del_monte,2024-09-23,2024-09-23,0509,-30.89384,-64.40358,n,1.63,N20
capilla_del_monte,2024-09-23,2024-09-23,0509,-30.89076,-64.56512,n,0.84,N20
capilla_del_monte,2024-09-23,2024-09-23,0509,-30.88807,-64.55985,n,2.36,N20
capilla_del_monte,2024-09-23,2024-09-23,0509,-30.88726,-64.56431,n,1.65,N20
capilla_del_monte,2024-09-23,2024-09-23,0509,-30.88459,-64.55901,n,2.36,N20
capilla_del_monte,2024-09-23,2024-09-23,0509,-30.88378,-64.56347,n,1.65,N20
capilla_del_monte,2024-09-23,2024-09-23,0509,-30.88297,-64.56789,n,1.65,N20
capilla_del_monte,2024-09-23,2024-09-23,0509,-30.88216,-64.57236,n,0.56,N20
capilla_del_monte,2024-09-23,2024-09-23,0509,-30.88134,-64.57687,n,0.56,N20
capilla_del_monte,2024-09-23,2024-09-23,0509,-30.88051,-64.58147,n,0.62,N20
capilla_del_monte,2024-09-23,2024-09-23,0509,-30.88029,-64.56262,n,1.66,N20
capilla_del_monte,2024-09-23,2024-09-23,0509,-30.87868,-64.57149,n,1.23,N20
capilla_del_monte,2024-09-23,2024-09-23,0509,-30.87703,-64.58054,n,0.63,N20
capilla_del_monte,2024-09-23,2024-09-23,0509,-30.87518,-64.57068,n,1.23,N20
capilla_del_monte,2024-09-23,2024-09-23,0509,-30.87461,-64.38981,n,1.88,N20
capilla_del_monte,2024-09-23,2024-09-23,0509,-30.87438,-64.57513,n,1.23,N20
capilla_del_monte,2024-09-23,2024-09-23,0509,-30.87384,-64.39411,n,3.65,N20
capilla_del_monte,2024-09-23,2024-09-23,0509,-30.87356,-64.57964,n,0.63,N20
capilla_del_monte,2024-09-23,2024-09-23,0509,-30.87272,-64.58422,n,0.63,N20
capilla_del_monte,2024-09-23,2024-09-23,0509,-30.87112,-64.57278,n,24.13,N20
capilla_del_monte,2024-09-23,2024-09-23,0509,-30.87089,-64.57431,n,15.43,N20
capilla_del_monte,2024-09-23,2024-09-23,0509,-30.87033,-64.5772,n,24.13,N20
capilla_del_monte,2024-09-23,2024-09-23,0509,-30.87008,-64.57874,n,8.66,N20
capilla_del_monte,2024-09-23,2024-09-23,0509,-30.86952,-64.58173,n,1.01,N20
capilla_del_monte,2024-09-23,2024-09-23,0509,-30.86925,-64.58331,n,8.66,N20
capilla_del_monte,2024-09-23,2024-09-23,0509,-30.86871,-64.58633,n,1.01,N20
capilla_del_monte,2024-09-23,2024-09-23,0509,-30.86846,-64.3838,n,1.99,N20
capilla_del_monte,2024-09-23,2024-09-23,0509,-30.86769,-64.38809,n,1.99,N20
capilla_del_monte,2024-09-23,2024-09-23,0509,-30.86739,-64.5735,n,15.43,N20
capilla_del_monte,2024-09-23,2024-09-23,0509,-30.86709,-64.59542,n,0.61,N20
capilla_del_monte,2024-09-23,2024-09-23,0509,-30.86683,-64.57641,n,24.13,N20
capilla_del_monte,2024-09-23,2024-09-23,0509,-30.86676,-64.59694,n,1.79,N20
capilla_del_monte,2024-09-23,2024-09-23,0509,-30.86658,-64.57794,n,8.66,N20
capilla_del_monte,2024-09-23,2024-09-23,0509,-30.86629,-64.59993,n,3.75,N20
capilla_del_monte,2024-09-23,2024-09-23,0509,-30.86604,-64.5809,n,1.01,N20
capilla_del_monte,2024-09-23,2024-09-23,0509,-30.86594,-64.60145,n,1.79,N20
capilla_del_monte,2024-09-23,2024-09-23,0509,-30.86576,-64.58246,n,8.66,N20
capilla_del_monte,2024-09-23,2024-09-23,0509,-30.86548,-64.60447,n,3.75,N20
capilla_del_monte,2024-09-23,2024-09-23,0509,-30.86522,-64.58543,n,1.01,N20
capilla_del_monte,2024-09-23,2024-09-23,0509,-30.86511,-64.60602,n,3.99,N20
capilla_del_monte,2024-09-23,2024-09-23,0509,-30.86499,-64.38299,n,1.99,N20
capilla_del_monte,2024-09-23,2024-09-23,0509,-30.86493,-64.58698,n,1.27,N20
capilla_del_monte,2024-09-23,2024-09-23,0509,-30.86466,-64.60908,n,2.79,N20
capilla_del_monte,2024-09-23,2024-09-23,0509,-30.86442,-64.58996,n,0.61,N20
capilla_del_monte,2024-09-23,2024-09-23,0509,-30.86427,-64.6106,n,3.99,N20
capilla_del_monte,2024-09-23,2024-09-23,0509,-30.86411,-64.59149,n,1.27,N20
capilla_del_monte,2024-09-23,2024-09-23,0509,-30.86384,-64.61372,n,2.79,N20
capilla_del_monte,2024-09-23,2024-09-23,0509,-30.86362,-64.59447,n,0.61,N20
capilla_del_monte,2024-09-23,2024-09-23,0509,-30.86341,-64.6153,n,1.29,N20
capilla_del_monte,2024-09-23,2024-09-23,0509,-30.86228,-64.37794,n,3.01,N20
capilla_del_monte,2024-09-23,2024-09-23,0509,-30.86152,-64.38221,n,3.9,N20
capilla_del_monte,2024-09-23,2024-09-23,0509,-30.86093,-64.5891,n,0.89,N20
capilla_del_monte,2024-09-23,2024-09-23,0509,-30.86079,-64.60971,n,3.99,N20
capilla_del_monte,2024-09-23,2024-09-23,0509,-30.86036,-64.6128,n,2.79,N20
capilla_del_monte,2024-09-23,2024-09-23,0509,-30.86013,-64.59363,n,0.89,N20
capilla_del_monte,2024-09-23,2024-09-23,0509,-30.85994,-64.61436,n,1.29,N20
capilla_del_monte,2024-09-23,2024-09-23,0509,-30.85951,-64.61758,n,1.46,N20
capilla_del_monte,2024-09-23,2024-09-23,0509,-30.85905,-64.61918,n,1.29,N20
capilla_del_monte,2024-09-23,2024-09-23,0509,-30.8588,-64.37717,n,3.01,N20
capilla_del_monte,2024-09-23,2024-09-23,0509,-30.8585,-64.60275,n,0.72,N20
capilla_del_monte,2024-09-23,2024-09-23,0509,-30.85804,-64.38148,n,3.9,N20
capilla_del_monte,2024-09-23,2024-09-23,0509,-30.85743,-64.58833,n,0.89,N20
capilla_del_monte,2024-09-23,2024-09-23,0509,-30.85686,-64.61195,n,0.96,N20
capilla_del_monte,2024-09-23,2024-09-23,0509,-30.85663,-64.59282,n,0.89,N20
capilla_del_monte,2024-09-23,2024-09-23,0509,-30.85601,-64.61672,n,1.94,N20
capilla_del_monte,2024-09-23,2024-09-23,0509,-30.85582,-64.59734,n,0.72,N20
capilla_del_monte,2024-09-23,2024-09-23,0509,-30.85533,-64.37638,n,3.27,N20
capilla_del_monte,2024-09-23,2024-09-23,0509,-30.85516,-64.62154,n,1.94,N20
capilla_del_monte,2024-09-23,2024-09-23,0509,-30.85501,-64.60189,n,0.72,N20
capilla_del_monte,2024-09-23,2024-09-23,0509,-30.85456,-64.38074,n,5.06,N20
capilla_del_monte,2024-09-23,2024-09-23,0509,-30.85419,-64.60648,n,0.96,N20
capilla_del_monte,2024-09-23,2024-09-23,0509,-30.85337,-64.61111,n,0.96,N20
capilla_del_monte,2024-09-23,2024-09-23,0509,-30.85313,-64.59203,n,2.62,N20
capilla_del_monte,2024-09-23,2024-09-23,0509,-30.85253,-64.61582,n,1.94,N20
capilla_del_monte,2024-09-23,2024-09-23,0509,-30.85233,-64.59653,n,1.19,N20
capilla_del_monte,2024-09-23,2024-09-23,0509,-30.85186,-64.3756,n,3.27,N20
capilla_del_monte,2024-09-23,2024-09-23,0509,-30.85168,-64.6206,n,1.94,N20
capilla_del_monte,2024-09-23,2024-09-23,0509,-30.85151,-64.60107,n,1.19,N20
capilla_del_monte,2024-09-23,2024-09-23,0509,-30.85108,-64.37997,n,5.06,N20
capilla_del_monte,2024-09-23,2024-09-23,0509,-30.8507,-64.60563,n,1.08,N20
capilla_del_monte,2024-09-23,2024-09-23,0509,-30.84988,-64.61024,n,1.08,N20
capilla_del_monte,2024-09-23,2024-09-23,0509,-30.84963,-64.59125,n,2.62,N20
capilla_del_monte,2024-09-23,2024-09-23,0509,-30.84905,-64.61489,n,1.42,N20
capilla_del_monte,2024-09-23,2024-09-23,0509,-30.84882,-64.59576,n,1.19,N20
capilla_del_monte,2024-09-23,2024-09-23,0509,-30.84839,-64.37478,n,12.97,N20
capilla_del_monte,2024-09-23,2024-09-23,0509,-30.8482,-64.61964,n,1.42,N20
capilla_del_monte,2024-09-23,2024-09-23,0509,-30.84801,-64.60028,n,1.19,N20
capilla_del_monte,2024-09-23,2024-09-23,0509,-30.84761,-64.37917,n,8.84,N20
capilla_del_monte,2024-09-23,2024-09-23,0509,-30.84734,-64.62449,n,1.69,N20
capilla_del_monte,2024-09-23,2024-09-23,0509,-30.8472,-64.60482,n,1.08,N20
capilla_del_monte,2024-09-23,2024-09-23,0509,-30.84638,-64.60938,n,1.08,N20
capilla_del_monte,2024-09-23,2024-09-23,0509,-30.84613,-64.59047,n,7.69,N20
capilla_del_monte,2024-09-23,2024-09-23,0509,-30.84556,-64.61399,n,1.42,N20
capilla_del_monte,2024-09-23,2024-09-23,0509,-30.84532,-64.595,n,4.36,N20
capilla_del_monte,2024-09-23,2024-09-23,0509,-30.84473,-64.61868,n,1.42,N20
capilla_del_monte,2024-09-23,2024-09-23,0509,-30.84451,-64.5995,n,4.36,N20
capilla_del_monte,2024-09-23,2024-09-23,0509,-30.84414,-64.37835,n,8.84,N20
capilla_del_monte,2024-09-23,2024-09-23,0509,-30.84387,-64.62351,n,1.69,N20
capilla_del_monte,2024-09-23,2024-09-23,0509,-30.8437,-64.60401,n,1.05,N20
capilla_del_monte,2024-09-23,2024-09-23,0509,-30.84289,-64.60853,n,1.05,N20
capilla_del_monte,2024-09-23,2024-09-23,0509,-30.84262,-64.58971,n,7.69,N20
capilla_del_monte,2024-09-23,2024-09-23,0509,-30.84208,-64.61306,n,0.64,N20
capilla_del_monte,2024-09-23,2024-09-23,0509,-30.84181,-64.59424,n,4.36,N20
capilla_del_monte,2024-09-23,2024-09-23,0509,-30.84125,-64.61772,n,0.64,N20
capilla_del_monte,2024-09-23,2024-09-23,0509,-30.84101,-64.59875,n,4.36,N20
capilla_del_monte,2024-09-23,2024-09-23,0509,-30.84068,-64.37753,n,7.85,N20
capilla_del_monte,2024-09-23,2024-09-23,0509,-30.8404,-64.62251,n,1.01,N20
capilla_del_monte,2024-09-23,2024-09-23,0509,-30.8402,-64.60323,n,1.05,N20
capilla_del_monte,2024-09-23,2024-09-23,0509,-30.83992,-64.38179,n,7.85,N20
capilla_del_monte,2024-09-23,2024-09-23,0509,-30.8394,-64.6077,n,1.05,N20
capilla_del_monte,2024-09-23,2024-09-23,0509,-30.83916,-64.38599,n,2.4,N20
capilla_del_monte,2024-09-23,2024-09-23,0509,-30.83912,-64.58895,n,1.94,N20
capilla_del_monte,2024-09-23,2024-09-23,0509,-30.83859,-64.61217,n,0.64,N20
capilla_del_monte,2024-09-23,2024-09-23,0509,-30.8383,-64.59348,n,3.08,N20
capilla_del_monte,2024-09-23,2024-09-23,0509,-30.83777,-64.61678,n,0.64,N20
capilla_del_monte,2024-09-23,2024-09-23,0509,-30.8375,-64.59798,n,3.08,N20
capilla_del_monte,2024-09-23,2024-09-23,0509,-30.83692,-64.62154,n,1.01,N20
capilla_del_monte,2024-09-23,2024-09-23,0509,-30.83669,-64.60246,n,1.25,N20
capilla_del_monte,2024-09-23,2024-09-23,0509,-30.83646,-64.38089,n,7.85,N20
capilla_del_monte,2024-09-23,2024-09-23,0509,-30.83603,-64.62654,n,1.01,N20
capilla_del_monte,2024-09-23,2024-09-23,0509,-30.8359,-64.6069,n,1.25,N20
capilla_del_monte,2024-09-23,2024-09-23,0509,-30.83571,-64.38508,n,2.4,N20
capilla_del_monte,2024-09-23,2024-09-23,0509,-30.8351,-64.61135,n,0.8,N20
capilla_del_monte,2024-09-23,2024-09-23,0509,-30.83495,-64.38934,n,2.4,N20
capilla_del_monte,2024-09-23,2024-09-23,0509,-30.83428,-64.61594,n,0.8,N20
capilla_del_monte,2024-09-23,2024-09-23,0509,-30.83342,-64.62069,n,1.42,N20
capilla_del_monte,2024-09-23,2024-09-23,0509,-30.83254,-64.62566,n,1.42,N20
capilla_del_monte,2024-09-23,2024-09-23,0509,-30.83226,-64.38413,n,2.42,N20
capilla_del_monte,2024-09-23,2024-09-23,0509,-30.8316,-64.61054,n,0.8,N20
capilla_del_monte,2024-09-23,2024-09-23,0509,-30.83149,-64.38844,n,2.42,N20
capilla_del_monte,2024-09-23,2024-09-23,0509,-30.83078,-64.61511,n,0.8,N20
capilla_del_monte,2024-09-23,2024-09-23,0509,-30.82994,-64.61981,n,1.42,N20
capilla_del_monte,2024-09-23,2024-09-23,0509,-30.82889,-64.60532,n,4.45,N20
capilla_del_monte,2024-09-23,2024-09-23,0509,-30.82882,-64.38322,n,2.42,N20
capilla_del_monte,2024-09-23,2024-09-23,0509,-30.82809,-64.60973,n,12.99,N20
capilla_del_monte,2024-09-23,2024-09-23,0509,-30.82729,-64.61425,n,12.99,N20
capilla_del_monte,2024-09-23,2024-09-23,0509,-30.82658,-64.45613,n,1.3,N20
capilla_del_monte,2024-09-23,2024-09-23,0509,-30.82645,-64.61891,n,2.28,N20
capilla_del_monte,2024-09-23,2024-09-23,0509,-30.82558,-64.62378,n,2.28,N20
capilla_del_monte,2024-09-23,2024-09-23,0509,-30.82539,-64.60451,n,4.45,N20
capilla_del_monte,2024-09-23,2024-09-23,0509,-30.82535,-64.3824,n,1.79,N20
capilla_del_monte,2024-09-23,2024-09-23,0509,-30.8246,-64.60893,n,12.99,N20
capilla_del_monte,2024-09-23,2024-09-23,0509,-30.82379,-64.61339,n,12.99,N20
capilla_del_monte,2024-09-23,2024-09-23,0509,-30.82296,-64.61802,n,2.28,N20
capilla_del_monte,2024-09-23,2024-09-23,0509,-30.82293,-64.39584,n,1.36,N20
capilla_del_monte,2024-09-23,2024-09-23,0509,-30.82269,-64.59924,n,7.46,N20
capilla_del_monte,2024-09-23,2024-09-23,0509,-30.82214,-64.40026,n,5.47,N20
capilla_del_monte,2024-09-23,2024-09-23,0509,-30.8221,-64.62281,n,2.28,N20
capilla_del_monte,2024-09-23,2024-09-23,0509,-30.82189,-64.60368,n,7.46,N20
capilla_del_monte,2024-09-23,2024-09-23,0509,-30.82136,-64.40463,n,5.47,N20
capilla_del_monte,2024-09-23,2024-09-23,0509,-30.8211,-64.60811,n,81.1,N20
capilla_del_monte,2024-09-23,2024-09-23,0509,-30.82108,-64.38605,n,1.79,N20
capilla_del_monte,2024-09-23,2024-09-23,0509,-30.8203,-64.61255,n,81.1,N20
capilla_del_monte,2024-09-23,2024-09-23,0509,-30.81947,-64.61713,n,7.81,N20
capilla_del_monte,2024-09-23,2024-09-23,0509,-30.81919,-64.59842,n,7.46,N20
capilla_del_monte,2024-09-23,2024-09-23,0509,-30.81866,-64.39948,n,5.47,N20
capilla_del_monte,2024-09-23,2024-09-23,0509,-30.81862,-64.62189,n,7.81,N20
capilla_del_monte,2024-09-23,2024-09-23,0509,-30.81839,-64.60287,n,7.46,N20
capilla_del_monte,2024-09-23,2024-09-23,0509,-30.81772,-64.62688,n,2.92,N20
capilla_del_monte,2024-09-23,2024-09-23,0509,-30.81759,-64.60729,h,81.1,N20
capilla_del_monte,2024-09-23,2024-09-23,0509,-30.81759,-64.38533,n,4.52,N20
capilla_del_monte,2024-09-23,2024-09-23,0509,-30.8168,-64.61171,h,81.1,N20
capilla_del_monte,2024-09-23,2024-09-23,0509,-30.81598,-64.61628,n,7.81,N20
capilla_del_monte,2024-09-23,2024-09-23,0509,-30.81569,-64.59765,n,1.06,N20
capilla_del_monte,2024-09-23,2024-09-23,0509,-30.81519,-64.3987,n,7.23,N20
capilla_del_monte,2024-09-23,2024-09-23,0509,-30.81514,-64.62096,n,7.81,N20
capilla_del_monte,2024-09-23,2024-09-23,0509,-30.81489,-64.60207,n,1.06,N20
capilla_del_monte,2024-09-23,2024-09-23,0509,-30.8141,-64.60648,h,122.69,N20
capilla_del_monte,2024-09-23,2024-09-23,0509,-30.8141,-64.38464,n,4.52,N20
capilla_del_monte,2024-09-23,2024-09-23,0509,-30.81271,-64.47282,n,1.08,N20
capilla_del_monte,2024-09-23,2024-09-23,0509,-30.8125,-64.39354,n,3.41,N20
capilla_del_monte,2024-09-23,2024-09-23,0509,-30.81218,-64.59689,n,1.06,N20
capilla_del_monte,2024-09-23,2024-09-23,0509,-30.81164,-64.62011,n,577.11,N20
capilla_del_monte,2024-09-23,2024-09-23,0509,-30.81138,-64.60131,n,1.06,N20
capilla_del_monte,2024-09-23,2024-09-23,0509,-30.81076,-64.62501,n,2.29,N20
capilla_del_monte,2024-09-23,2024-09-23,0509,-30.81061,-64.38391,n,13.72,N20
capilla_del_monte,2024-09-23,2024-09-23,0509,-30.81059,-64.60572,n,122.69,N20
capilla_del_monte,2024-09-23,2024-09-23,0509,-30.80981,-64.38834,n,3.12,N20
capilla_del_monte,2024-09-23,2024-09-23,0509,-30.80979,-64.61014,n,122.69,N20
capilla_del_monte,2024-09-23,2024-09-23,0509,-30.80814,-64.61931,n,577.11,N20
capilla_del_monte,2024-09-23,2024-09-23,0509,-30.80787,-64.60061,n,1.87,N20
capilla_del_monte,2024-09-23,2024-09-23,0509,-30.80727,-64.62409,n,2.29,N20
capilla_del_monte,2024-09-23,2024-09-23,0509,-30.80713,-64.38318,n,13.72,N20
capilla_del_monte,2024-09-23,2024-09-23,0509,-30.80707,-64.60503,n,1.08,N20
capilla_del_monte,2024-09-23,2024-09-23,0509,-30.80634,-64.38759,n,3.12,N20
capilla_del_monte,2024-09-23,2024-09-23,0509,-30.80627,-64.60942,n,1.08,N20
capilla_del_monte,2024-09-23,2024-09-23,0509,-30.80546,-64.61391,n,9.15,N20
capilla_del_monte,2024-09-23,2024-09-23,0509,-30.80487,-64.47607,n,2.25,N20
capilla_del_monte,2024-09-23,2024-09-23,0509,-30.80463,-64.6185,n,9.15,N20
capilla_del_monte,2024-09-23,2024-09-23,0509,-30.80401,-64.48082,n,1.06,N20
capilla_del_monte,2024-09-23,2024-09-23,0509,-30.80378,-64.62322,n,2.59,N20
capilla_del_monte,2024-09-23,2024-09-23,0509,-30.80365,-64.38244,n,2.75,N20
capilla_del_monte,2024-09-23,2024-09-23,0509,-30.80291,-64.62803,n,2.59,N20
capilla_del_monte,2024-09-23,2024-09-23,0509,-30.80286,-64.38683,n,3.03,N20
capilla_del_monte,2024-09-23,2024-09-23,0509,-30.80275,-64.60874,n,1.08,N20
capilla_del_monte,2024-09-23,2024-09-23,0509,-30.80207,-64.3912,n,3.03,N20
capilla_del_monte,2024-09-23,2024-09-23,0509,-30.80194,-64.61318,n,9.15,N20
capilla_del_monte,2024-09-23,2024-09-23,0509,-30.80128,-64.39558,n,3.13,N20
capilla_del_monte,2024-09-23,2024-09-23,0509,-30.80112,-64.61771,n,9.15,N20
capilla_del_monte,2024-09-23,2024-09-23,0509,-30.80053,-64.48002,n,6.19,N20
capilla_del_monte,2024-09-23,2024-09-23,0509,-30.80029,-64.62232,n,2.59,N20
capilla_del_monte,2024-09-23,2024-09-23,0509,-30.79967,-64.48477,n,6.19,N20
capilla_del_monte,2024-09-23,2024-09-23,0509,-30.79943,-64.62712,n,2.59,N20
capilla_del_monte,2024-09-23,2024-09-23,0509,-30.79922,-64.60805,n,0.97,N20
capilla_del_monte,2024-09-23,2024-09-23,0509,-30.79882,-64.48946,h,41.8,N20
capilla_del_monte,2024-09-23,2024-09-23,0509,-30.79842,-64.6125,n,4.07,N20
capilla_del_monte,2024-09-23,2024-09-23,0509,-30.79799,-64.49404,n,41.8,N20
capilla_del_monte,2024-09-23,2024-09-23,0509,-30.79789,-64.4745,n,1.26,N20
capilla_del_monte,2024-09-23,2024-09-23,0509,-30.7978,-64.39479,n,3.13,N20
capilla_del_monte,2024-09-23,2024-09-23,0509,-30.79761,-64.61696,n,4.07,N20
capilla_del_monte,2024-09-23,2024-09-23,0509,-30.79716,-64.49863,n,0.92,N20
capilla_del_monte,2024-09-23,2024-09-23,0509,-30.79704,-64.47923,n,6.19,N20
capilla_del_monte,2024-09-23,2024-09-23,0509,-30.79679,-64.6215,n,4.91,N20
capilla_del_monte,2024-09-23,2024-09-23,0509,-30.79633,-64.50323,n,0.92,N20
capilla_del_monte,2024-09-23,2024-09-23,0509,-30.79619,-64.48395,n,6.19,N20
capilla_del_monte,2024-09-23,2024-09-23,0509,-30.79594,-64.62623,n,4.91,N20
capilla_del_monte,2024-09-23,2024-09-23,0509,-30.79534,-64.4886,n,41.8,N20
capilla_del_monte,2024-09-23,2024-09-23,0509,-30.79526,-64.46897,n,5.95,N20
capilla_del_monte,2024-09-23,2024-09-23,0509,-30.79451,-64.49322,n,41.8,N20
capilla_del_monte,2024-09-23,2024-09-23,0509,-30.79441,-64.4737,n,5.95,N20
capilla_del_monte,2024-09-23,2024-09-23,0509,-30.79431,-64.39406,n,4.96,N20
capilla_del_monte,2024-09-23,2024-09-23,0509,-30.79368,-64.4978,n,0.92,N20
capilla_del_monte,2024-09-23,2024-09-23,0509,-30.79356,-64.47842,n,28.21,N20
capilla_del_monte,2024-09-23,2024-09-23,0509,-30.79351,-64.45863,n,2.14,N20
capilla_del_monte,2024-09-23,2024-09-23,0509,-30.79328,-64.62074,n,4.91,N20
capilla_del_monte,2024-09-23,2024-09-23,0509,-30.79319,-64.39556,n,5.22,N20
capilla_del_monte,2024-09-23,2024-09-23,0509,-30.79271,-64.4831,n,28.21,N20
capilla_del_monte,2024-09-23,2024-09-23,0509,-30.79266,-64.46336,n,2.14,N20
capilla_del_monte,2024-09-23,2024-09-23,0509,-30.79252,-64.44409,n,3.77,N20
capilla_del_monte,2024-09-23,2024-09-23,0509,-30.79244,-64.6254,n,4.91,N20
capilla_del_monte,2024-09-23,2024-09-23,0509,-30.79187,-64.48775,h,6.71,N20
capilla_del_monte,2024-09-23,2024-09-23,0509,-30.79179,-64.46812,n,5.95,N20
capilla_del_monte,2024-09-23,2024-09-23,0509,-30.79158,-64.63014,n,1.67,N20
capilla_del_monte,2024-09-23,2024-09-23,0509,-30.79113,-64.41168,n,3.51,N20
capilla_del_monte,2024-09-23,2024-09-23,0509,-30.79103,-64.49235,n,6.71,N20
capilla_del_monte,2024-09-23,2024-09-23,0509,-30.79093,-64.47288,n,5.95,N20
capilla_del_monte,2024-09-23,2024-09-23,0509,-30.79085,-64.40876,n,2.75,N20
capilla_del_monte,2024-09-23,2024-09-23,0509,-30.79081,-64.39343,n,4.96,N20
capilla_del_monte,2024-09-23,2024-09-23,0509,-30.79007,-64.47758,n,28.21,N20
capilla_del_monte,2024-09-23,2024-09-23,0509,-30.79006,-64.41322,n,2.02,N20
capilla_del_monte,2024-09-23,2024-09-23,0509,-30.79002,-64.39781,n,4.96,N20
capilla_del_monte,2024-09-23,2024-09-23,0509,-30.78976,-64.62002,n,3.62,N20
capilla_del_monte,2024-09-23,2024-09-23,0509,-30.78969,-64.39493,n,5.22,N20
capilla_del_monte,2024-09-23,2024-09-23,0509,-30.78923,-64.48226,n,28.21,N20
capilla_del_monte,2024-09-23,2024-09-23,0509,-30.78923,-64.40216,n,0.63,N20
capilla_del_monte,2024-09-23,2024-09-23,0509,-30.78903,-64.44333,n,3.77,N20
capilla_del_monte,2024-09-23,2024-09-23,0509,-30.78893,-64.62461,n,3.62,N20
capilla_del_monte,2024-09-23,2024-09-23,0509,-30.78892,-64.3993,n,5.22,N20
capilla_del_monte,2024-09-23,2024-09-23,0509,-30.78844,-64.40655,n,0.63,N20
capilla_del_monte,2024-09-23,2024-09-23,0509,-30.78839,-64.48689,n,6.71,N20
capilla_del_monte,2024-09-23,2024-09-23,0509,-30.78832,-64.46725,n,14.77,N20
capilla_del_monte,2024-09-23,2024-09-23,0509,-30.78808,-64.62926,n,5,N20
capilla_del_monte,2024-09-23,2024-09-23,0509,-30.78764,-64.41098,n,3.51,N20
capilla_del_monte,2024-09-23,2024-09-23,0509,-30.78745,-64.47202,n,14.77,N20
capilla_del_monte,2024-09-23,2024-09-23,0509,-30.78659,-64.45685,n,3.6,N20
capilla_del_monte,2024-09-23,2024-09-23,0509,-30.78657,-64.41252,n,2.02,N20
capilla_del_monte,2024-09-23,2024-09-23,0509,-30.78625,-64.61927,n,3.62,N20
capilla_del_monte,2024-09-23,2024-09-23,0509,-30.7862,-64.39427,n,0.62,N20
capilla_del_monte,2024-09-23,2024-09-23,0509,-30.78578,-64.417,n,2.02,N20
capilla_del_monte,2024-09-23,2024-09-23,0509,-30.78542,-64.62382,n,3.62,N20
capilla_del_monte,2024-09-23,2024-09-23,0509,-30.78537,-64.43967,n,2.74,N20
capilla_del_monte,2024-09-23,2024-09-23,0509,-30.78486,-64.46635,n,14.77,N20
capilla_del_monte,2024-09-23,2024-09-23,0509,-30.78458,-64.62846,n,5,N20
capilla_del_monte,2024-09-23,2024-09-23,0509,-30.78399,-64.4711,n,14.77,N20
capilla_del_monte,2024-09-23,2024-09-23,0509,-30.78379,-64.4486,n,8.83,N20
capilla_del_monte,2024-09-23,2024-09-23,0509,-30.783,-64.45306,n,8.83,N20
capilla_del_monte,2024-09-23,2024-09-23,0509,-30.78286,-64.43739,n,6.24,N20
capilla_del_monte,2024-09-23,2024-09-23,0509,-30.78228,-64.41634,n,2.37,N20
capilla_del_monte,2024-09-23,2024-09-23,0509,-30.78218,-64.45771,n,10.18,N20
capilla_del_monte,2024-09-23,2024-09-23,0509,-30.78189,-64.43892,n,2.74,N20
capilla_del_monte,2024-09-23,2024-09-23,0509,-30.7815,-64.42075,n,3.53,N20
capilla_del_monte,2024-09-23,2024-09-23,0509,-30.78139,-64.46545,n,8.24,N20
capilla_del_monte,2024-09-23,2024-09-23,0509,-30.78053,-64.47015,n,8.24,N20
capilla_del_monte,2024-09-23,2024-09-23,0509,-30.78053,-64.46713,n,7.07,N20
capilla_del_monte,2024-09-23,2024-09-23,0509,-30.77918,-64.43377,n,0.63,N20
capilla_del_monte,2024-09-23,2024-09-23,0509,-30.77878,-64.41567,n,2.37,N20
capilla_del_monte,2024-09-23,2024-09-23,0509,-30.77877,-64.45995,n,16.55,N20
capilla_del_monte,2024-09-23,2024-09-23,0509,-30.7787,-64.45692,n,10.18,N20
capilla_del_monte,2024-09-23,2024-09-23,0509,-30.7784,-64.43819,n,4.12,N20
capilla_del_monte,2024-09-23,2024-09-23,0509,-30.77792,-64.46461,n,8.24,N20
capilla_del_monte,2024-09-23,2024-09-23,0509,-30.77787,-64.46161,n,10.18,N20
capilla_del_monte,2024-09-23,2024-09-23,0509,-30.77707,-64.46929,n,8.24,N20
capilla_del_monte,2024-09-23,2024-09-23,0509,-30.77705,-64.46629,n,7.07,N20
capilla_del_monte,2024-09-23,2024-09-23,0509,-30.77601,-64.45164,n,12.62,N20
capilla_del_monte,2024-09-23,2024-09-23,0509,-30.77521,-64.4562,n,4.07,N20
capilla_del_monte,2024-09-23,2024-09-23,0509,-30.77491,-64.43748,n,4.12,N20
capilla_del_monte,2024-09-23,2024-09-23,0509,-30.77439,-64.46083,n,4.07,N20
capilla_del_monte,2024-09-23,2024-09-23,0509,-30.77411,-64.44196,n,4.12,N20
capilla_del_monte,2024-09-23,2024-09-23,0509,-30.77332,-64.44643,n,12.62,N20
capilla_del_monte,2024-09-23,2024-09-23,0509,-30.77252,-64.45093,n,12.62,N20
capilla_del_monte,2024-09-23,2024-09-23,0509,-30.77171,-64.45548,n,4.07,N20
capilla_del_monte,2024-09-23,2024-09-23,0509,-30.7709,-64.46009,n,4.07,N20
capilla_del_monte,2024-09-23,2024-09-23,0509,-30.77062,-64.44124,n,3.16,N20
capilla_del_monte,2024-09-23,2024-09-23,0509,-30.77028,-64.4228,n,4.31,N20
capilla_del_monte,2024-09-23,2024-09-23,0509,-30.76983,-64.44569,n,32.66,N20
capilla_del_monte,2024-09-23,2024-09-23,0509,-30.76902,-64.45022,h,32.66,N20
capilla_del_monte,2024-09-23,2024-09-23,0509,-30.76822,-64.45476,n,17.29,N20
capilla_del_monte,2024-09-23,2024-09-23,0509,-30.7674,-64.45936,n,17.29,N20
capilla_del_monte,2024-09-23,2024-09-23,0509,-30.76713,-64.4405,n,3.16,N20
capilla_del_monte,2024-09-23,2024-09-23,0509,-30.76679,-64.42203,n,1.1,N20
capilla_del_monte,2024-09-23,2024-09-23,0509,-30.76633,-64.44497,n,32.66,N20
capilla_del_monte,2024-09-23,2024-09-23,0509,-30.76553,-64.44949,n,32.66,N20
capilla_del_monte,2024-09-23,2024-09-23,0509,-30.76472,-64.45405,n,17.29,N20
capilla_del_monte,2024-09-23,2024-09-23,0509,-30.76391,-64.45864,n,17.29,N20
capilla_del_monte,2024-09-23,2024-09-23,0509,-30.76284,-64.44424,n,2.12,N20
capilla_del_monte,2024-09-23,2024-09-23,0509,-30.76204,-64.44875,n,2.12,N20
capilla_del_monte,2024-09-23,2024-09-23,0509,-30.76173,-64.43011,n,1.49,N20
capilla_del_monte,2024-09-23,2024-09-23,0509,-30.76123,-64.45329,n,4.17,N20
capilla_del_monte,2024-09-23,2024-09-23,0509,-30.75904,-64.42491,n,1.13,N20
capilla_del_monte,2024-09-23,2024-09-23,0509,-30.75855,-64.44796,n,2.12,N20
capilla_del_monte,2024-09-23,2024-09-23,0509,-30.75824,-64.42937,n,1.13,N20
capilla_del_monte,2024-09-23,2024-09-23,0509,-30.75775,-64.45248,n,4.17,N20
capilla_del_monte,2024-09-23,2024-09-23,0509,-30.75745,-64.43382,n,1.06,N20
capilla_del_monte,2024-09-23,2024-09-23,0509,-30.75666,-64.43826,n,1.06,N20
capilla_del_monte,2024-09-23,2024-09-23,0509,-30.75427,-64.45165,n,0.59,N20
capilla_del_monte,2024-09-23,2024-09-23,0509,-30.75317,-64.43752,n,1.06,N20
capilla_del_monte,2024-09-23,2024-09-23,1733,-31.01176,-64.33386,n,10.98,N20
capilla_del_monte,2024-09-23,2024-09-23,1733,-31.00778,-64.33903,n,10.19,N20
capilla_del_monte,2024-09-23,2024-09-23,1733,-30.9971,-64.32095,n,14.44,N20
capilla_del_monte,2024-09-23,2024-09-23,1733,-30.99267,-64.3214,n,16.11,N20
capilla_del_monte,2024-09-23,2024-09-23,1733,-30.99223,-64.31677,n,13.23,N20
capilla_del_monte,2024-09-23,2024-09-23,1733,-30.98385,-64.32254,n,7.84,N20
capilla_del_monte,2024-09-23,2024-09-23,1733,-30.97944,-64.3231,n,7.84,N20
capilla_del_monte,2024-09-23,2024-09-23,1733,-30.979,-64.31856,n,11.26,N20
capilla_del_monte,2024-09-23,2024-09-23,1733,-30.97504,-64.32382,n,4.93,N20
capilla_del_monte,2024-09-23,2024-09-23,1733,-30.95377,-64.47981,n,12.62,N20
capilla_del_monte,2024-09-23,2024-09-23,1733,-30.95067,-64.47691,n,5.83,N20
capilla_del_monte,2024-09-23,2024-09-23,1733,-30.8984,-64.40142,n,2.85,N20
capilla_del_monte,2024-09-23,2024-09-23,1733,-30.89588,-64.56434,l,2.77,N20
capilla_del_monte,2024-09-23,2024-09-23,1733,-30.89393,-64.40161,n,7.88,N20
capilla_del_monte,2024-09-23,2024-09-23,1733,-30.89095,-64.56009,n,18.9,N20
capilla_del_monte,2024-09-23,2024-09-23,1733,-30.87845,-64.57159,n,6.6,N20
capilla_del_monte,2024-09-23,2024-09-23,1733,-30.87755,-64.56184,n,4.02,N20
capilla_del_monte,2024-09-23,2024-09-23,1733,-30.87639,-64.5982,n,6.8,N20
capilla_del_monte,2024-09-23,2024-09-23,1733,-30.87445,-64.5772,l,4.89,N20
capilla_del_monte,2024-09-23,2024-09-23,1733,-30.87399,-64.57225,l,7.4,N20
capilla_del_monte,2024-09-23,2024-09-23,1733,-30.87021,-64.60576,n,8.98,N20
capilla_del_monte,2024-09-23,2024-09-23,1733,-30.86952,-64.57287,n,7.4,N20
capilla_del_monte,2024-09-23,2024-09-23,1733,-30.8691,-64.37598,n,11.52,N20
capilla_del_monte,2024-09-23,2024-09-23,1733,-30.86907,-64.56801,n,7.4,N20
capilla_del_monte,2024-09-23,2024-09-23,1733,-30.86841,-64.61006,n,13.36,N20
capilla_del_monte,2024-09-23,2024-09-23,1733,-30.86788,-64.6043,n,11.78,N20
capilla_del_monte,2024-09-23,2024-09-23,1733,-30.86763,-64.57964,n,13.37,N20
capilla_del_monte,2024-09-23,2024-09-23,1733,-30.86714,-64.57472,l,13.37,N20
capilla_del_monte,2024-09-23,2024-09-23,1733,-30.86667,-64.56985,n,79.53,N20
capilla_del_monte,2024-09-23,2024-09-23,1733,-30.86572,-64.60626,n,8.98,N20
capilla_del_monte,2024-09-23,2024-09-23,1733,-30.86506,-64.57349,n,36.07,N20
capilla_del_monte,2024-09-23,2024-09-23,1733,-30.8646,-64.56858,n,36.07,N20
capilla_del_monte,2024-09-23,2024-09-23,1733,-30.86317,-64.58038,n,13.37,N20
capilla_del_monte,2024-09-23,2024-09-23,1733,-30.86268,-64.57539,n,13.37,N20
capilla_del_monte,2024-09-23,2024-09-23,1733,-30.86059,-64.57415,l,36.07,N20
capilla_del_monte,2024-09-23,2024-09-23,1733,-30.86014,-64.56922,n,36.07,N20
capilla_del_monte,2024-09-23,2024-09-23,1733,-30.85774,-64.57108,n,28.99,N20
capilla_del_monte,2024-09-23,2024-09-23,1733,-30.85612,-64.57483,n,15.57,N20
capilla_del_monte,2024-09-23,2024-09-23,1733,-30.85499,-64.36867,h,20.7,N20
capilla_del_monte,2024-09-23,2024-09-23,1733,-30.85456,-64.36405,n,20.7,N20
capilla_del_monte,2024-09-23,2024-09-23,1733,-30.8497,-64.35993,n,14.22,N20
capilla_del_monte,2024-09-23,2024-09-23,1733,-30.84596,-64.3621,n,53.3,N20
capilla_del_monte,2024-09-23,2024-09-23,1733,-30.84529,-64.36051,n,21.99,N20
capilla_del_monte,2024-09-23,2024-09-23,1733,-30.84219,-64.37508,l,2.65,N20
capilla_del_monte,2024-09-23,2024-09-23,1733,-30.8414,-64.58924,n,10.1,N20
capilla_del_monte,2024-09-23,2024-09-23,1733,-30.84109,-64.35807,n,24.37,N20
capilla_del_monte,2024-09-23,2024-09-23,1733,-30.84089,-64.36125,n,21.99,N20
capilla_del_monte,2024-09-23,2024-09-23,1733,-30.84044,-64.35646,n,21.99,N20
capilla_del_monte,2024-09-23,2024-09-23,1733,-30.83852,-64.37709,n,16.65,N20
capilla_del_monte,2024-09-23,2024-09-23,1733,-30.83808,-64.37263,n,16.65,N20
capilla_del_monte,2024-09-23,2024-09-23,1733,-30.83776,-64.37556,n,21.11,N20
capilla_del_monte,2024-09-23,2024-09-23,1733,-30.83669,-64.35872,n,13.68,N20
capilla_del_monte,2024-09-23,2024-09-23,1733,-30.83648,-64.36185,l,8.94,N20
capilla_del_monte,2024-09-23,2024-09-23,1733,-30.83603,-64.35712,n,8.94,N20
capilla_del_monte,2024-09-23,2024-09-23,1733,-30.83438,-64.61045,n,22.78,N20
capilla_del_monte,2024-09-23,2024-09-23,1733,-30.83405,-64.37711,n,16.65,N20
capilla_del_monte,2024-09-23,2024-09-23,1733,-30.83392,-64.60565,n,31.94,N20
capilla_del_monte,2024-09-23,2024-09-23,1733,-30.83329,-64.37552,n,21.11,N20
capilla_del_monte,2024-09-23,2024-09-23,1733,-30.83227,-64.35919,n,13.68,N20
capilla_del_monte,2024-09-23,2024-09-23,1733,-30.82955,-64.37692,n,6.95,N20
capilla_del_monte,2024-09-23,2024-09-23,1733,-30.82946,-64.60632,n,31.94,N20
capilla_del_monte,2024-09-23,2024-09-23,1733,-30.82511,-64.37722,n,6.95,N20
capilla_del_monte,2024-09-23,2024-09-23,1733,-30.82452,-64.60208,n,42.15,N20
capilla_del_monte,2024-09-23,2024-09-23,1733,-30.82405,-64.59718,n,44.58,N20
capilla_del_monte,2024-09-23,2024-09-23,1733,-30.82023,-64.37303,n,20.13,N20
capilla_del_monte,2024-09-23,2024-09-23,1733,-30.81978,-64.3685,n,9.27,N20
capilla_del_monte,2024-09-23,2024-09-23,1733,-30.81911,-64.59293,n,44.58,N20
capilla_del_monte,2024-09-23,2024-09-23,1733,-30.81538,-64.36921,n,9.27,N20
capilla_del_monte,2024-09-23,2024-09-23,1733,-30.81511,-64.59851,n,13.03,N20
capilla_del_monte,2024-09-23,2024-09-23,1733,-30.81465,-64.5937,n,13.03,N20
capilla_del_monte,2024-09-23,2024-09-23,1733,-30.81155,-64.60868,l,7.34,N20
capilla_del_monte,2024-09-23,2024-09-23,1733,-30.8111,-64.604,n,7.34,N20
capilla_del_monte,2024-09-23,2024-09-23,1733,-30.811,-64.37008,n,13.44,N20
capilla_del_monte,2024-09-23,2024-09-23,1733,-30.81066,-64.5993,n,13.03,N20
capilla_del_monte,2024-09-23,2024-09-23,1733,-30.81054,-64.36543,n,13.44,N20
capilla_del_monte,2024-09-23,2024-09-23,1733,-30.8071,-64.6096,n,21.32,N20
capilla_del_monte,2024-09-23,2024-09-23,1733,-30.80666,-64.60492,n,21.32,N20
capilla_del_monte,2024-09-23,2024-09-23,1733,-30.80663,-64.37109,n,13.44,N20
capilla_del_monte,2024-09-23,2024-09-23,1733,-30.80617,-64.36639,n,13.44,N20
capilla_del_monte,2024-09-23,2024-09-23,1733,-30.80411,-64.391,n,4.89,N20
capilla_del_monte,2024-09-23,2024-09-23,1733,-30.80312,-64.61545,n,15.54,N20
capilla_del_monte,2024-09-23,2024-09-23,1733,-30.80266,-64.61052,n,21.32,N20
capilla_del_monte,2024-09-23,2024-09-23,1733,-30.80225,-64.37204,n,14.64,N20
capilla_del_monte,2024-09-23,2024-09-23,1733,-30.79921,-64.47947,l,5.5,N20
capilla_del_monte,2024-09-23,2024-09-23,1733,-30.79868,-64.61637,n,5.72,N20
capilla_del_monte,2024-09-23,2024-09-23,1733,-30.79822,-64.61154,n,4.8,N20
capilla_del_monte,2024-09-23,2024-09-23,1733,-30.79787,-64.37286,n,14.64,N20
capilla_del_monte,2024-09-23,2024-09-23,1733,-30.7948,-64.48042,l,5.66,N20
capilla_del_monte,2024-09-23,2024-09-23,1733,-30.79439,-64.38311,n,25.71,N20
capilla_del_monte,2024-09-23,2024-09-23,1733,-30.79422,-64.61726,n,5.72,N20
capilla_del_monte,2024-09-23,2024-09-23,1733,-30.79395,-64.37851,n,25.71,N20
capilla_del_monte,2024-09-23,2024-09-23,1733,-30.79349,-64.37386,n,12.76,N20
capilla_del_monte,2024-09-23,2024-09-23,1733,-30.79137,-64.39809,n,3.75,N20
capilla_del_monte,2024-09-23,2024-09-23,1733,-30.79092,-64.39347,n,11.54,N20
capilla_del_monte,2024-09-23,2024-09-23,1733,-30.79062,-64.43682,n,5.94,N20
capilla_del_monte,2024-09-23,2024-09-23,1733,-30.79003,-64.38427,n,25.71,N20
capilla_del_monte,2024-09-23,2024-09-23,1733,-30.78959,-64.37971,n,25.71,N20
capilla_del_monte,2024-09-23,2024-09-23,1733,-30.78699,-64.39913,n,36.32,N20
capilla_del_monte,2024-09-23,2024-09-23,1733,-30.78655,-64.39458,h,26.69,N20
capilla_del_monte,2024-09-23,2024-09-23,1733,-30.78611,-64.38995,h,26.69,N20
capilla_del_monte,2024-09-23,2024-09-23,1733,-30.78566,-64.38531,n,9.65,N20
capilla_del_monte,2024-09-23,2024-09-23,1733,-30.78306,-64.4048,n,36.32,N20
capilla_del_monte,2024-09-23,2024-09-23,1733,-30.78262,-64.40018,n,36.32,N20
capilla_del_monte,2024-09-23,2024-09-23,1733,-30.78217,-64.39557,n,26.69,N20
capilla_del_monte,2024-09-23,2024-09-23,1733,-30.77961,-64.41547,n,3.67,N20
capilla_del_monte,2024-09-23,2024-09-23,1733,-30.76565,-64.45731,n,5.42,N20
capilla_del_monte,2024-09-23,2024-09-23,1733,-30.75844,-64.42841,n,3.79,N20
capilla_del_monte,2024-09-23,2024-09-23,1733,-30.75143,-64.44924,n,17.11,N20
capilla_del_monte,2024-09-23,2024-09-23,1733,-30.75098,-64.44446,n,17.11,N20
capilla_del_monte,2024-09-23,2024-09-23,1733,-30.74916,-64.42503,n,11.19,N20
capilla_del_monte,2024-09-23,2024-09-23,1733,-30.74886,-64.45634,n,37.81,N20
capilla_del_monte,2024-09-23,2024-09-23,1733,-30.74839,-64.45163,n,37.81,N20
capilla_del_monte,2024-09-23,2024-09-23,1733,-30.74794,-64.44705,l,55.41,N20
capilla_del_monte,2024-09-23,2024-09-23,1733,-30.74786,-64.45896,n,19.23,N20
capilla_del_monte,2024-09-23,2024-09-23,1733,-30.74747,-64.44242,n,55.41,N20
capilla_del_monte,2024-09-23,2024-09-23,1733,-30.74741,-64.45416,n,19.23,N20
capilla_del_monte,2024-09-23,2024-09-23,1733,-30.74701,-64.4377,n,18.82,N20
capilla_del_monte,2024-09-23,2024-09-23,1733,-30.74698,-64.44962,l,88.67,N20
capilla_del_monte,2024-09-23,2024-09-23,1733,-30.74656,-64.44511,n,88.67,N20
capilla_del_monte,2024-09-23,2024-09-23,1733,-30.74652,-64.43289,n,18.82,N20
capilla_del_monte,2024-09-23,2024-09-23,1733,-30.74612,-64.44046,n,18.84,N20
capilla_del_monte,2024-09-23,2024-09-23,1733,-30.74485,-64.46115,n,15.52,N20
capilla_del_monte,2024-09-23,2024-09-23,1733,-30.7444,-64.45655,h,37.81,N20
capilla_del_monte,2024-09-23,2024-09-23,1733,-30.74395,-64.45207,n,37.81,N20
capilla_del_monte,2024-09-23,2024-09-23,1733,-30.74352,-64.44769,l,55.41,N20
capilla_del_monte,2024-09-23,2024-09-23,1733,-30.7434,-64.45925,n,19.23,N20
capilla_del_monte,2024-09-23,2024-09-23,1733,-30.74306,-64.44315,n,55.41,N20
capilla_del_monte,2024-09-23,2024-09-23,1733,-30.74297,-64.45468,n,19.23,N20
capilla_del_monte,2024-09-23,2024-09-23,1733,-30.74259,-64.43844,h,18.82,N20
capilla_del_monte,2024-09-23,2024-09-23,1733,-30.74256,-64.45027,n,88.67,N20
capilla_del_monte,2024-09-23,2024-09-23,1733,-30.74171,-64.4412,n,18.84,N20
capilla_del_monte,2024-09-23,2024-09-23,1733,-30.74162,-64.42863,n,39.15,N20
capilla_del_monte,2024-09-23,2024-09-23,1733,-30.74034,-64.42645,n,22.94,N20
capilla_del_monte,2024-09-23,2024-09-23,1733,-30.7391,-64.44842,h,137.11,N20
capilla_del_monte,2024-09-23,2024-09-23,1733,-30.73865,-64.44389,l,137.11,N20
capilla_del_monte,2024-09-23,2024-09-23,1733,-30.73814,-64.45105,n,96.48,N20
capilla_del_monte,2024-09-23,2024-09-23,1733,-30.73773,-64.4466,h,96.48,N20
capilla_del_monte,2024-09-23,2024-09-23,1733,-30.7373,-64.44196,n,100.44,N20
capilla_del_monte,2024-09-23,2024-09-23,1733,-30.73639,-64.43221,n,36.05,N20
capilla_del_monte,2024-09-23,2024-09-23,1733,-30.73197,-64.43291,n,36.05,N20
